user_id,age,gender,marital_status,has_children,nationality,city,disability,pets,profession,hobbies,interests,travel_experience,preferred_travel_style,poi_id,poi_title,is_manual_first,manual_significance,manual_trust,manual_clarity,ai_significance,ai_trust,ai_clarity,engaging_preference,relevant_preference,eager_preference,title_preference,description_preference,already_visited,timestamp,response_date,response_time,engaging_preference_score,relevant_preference_score,eager_preference_score,title_preference_score,description_preference_score
2a8a67f6-21e8-4354-aeba-1a47c759fd45,38,Female,Single,No,Indian,Frankfurt am Main,No,No,Engineer,"['Reading', 'Cooking', 'Movies/TV', 'Traveling']","['History & Culture', 'Nature & Outdoors', 'Food & Cuisine', 'Architecture']",Intermediate,"['Relaxation', 'Budget', 'Cultural', 'Solo']",1,Hotel Hassler Roma,True,Strongly Agree,Moderately,Clear,Strongly Agree,Moderately,Clear,Version B,Version B,Version B,Version A,Version B,I have never heard of it before.,2025-01-25 10:47:20.554734,2025-01-25,10:47:20.554734,-1,-1,-1,1,-1
2a8a67f6-21e8-4354-aeba-1a47c759fd45,38,Female,Single,No,Indian,Frankfurt am Main,No,No,Engineer,"['Reading', 'Cooking', 'Movies/TV', 'Traveling']","['History & Culture', 'Nature & Outdoors', 'Food & Cuisine', 'Architecture']",Intermediate,"['Relaxation', 'Budget', 'Cultural', 'Solo']",2,The Savoy,True,Strongly Agree,Very,Very Clear,Agree,Moderately,Clear,Version A,Version A,Version A,Version A,Version A,I have seen/heard about it online or from others.,2025-01-25 10:48:24.817328,2025-01-25,10:48:24.817328,1,1,1,1,1
2a8a67f6-21e8-4354-aeba-1a47c759fd45,38,Female,Single,No,Indian,Frankfurt am Main,No,No,Engineer,"['Reading', 'Cooking', 'Movies/TV', 'Traveling']","['History & Culture', 'Nature & Outdoors', 'Food & Cuisine', 'Architecture']",Intermediate,"['Relaxation', 'Budget', 'Cultural', 'Solo']",3,Jungfraujoch - Top of Europe,True,Agree,Very,Clear,Agree,Very,Clear,Version B,Version B,Version B,Version B,Version B,I have seen/heard about it online or from others.,2025-01-25 10:50:03.959372,2025-01-25,10:50:03.959372,-1,-1,-1,-1,-1
2a8a67f6-21e8-4354-aeba-1a47c759fd45,38,Female,Single,No,Indian,Frankfurt am Main,No,No,Engineer,"['Reading', 'Cooking', 'Movies/TV', 'Traveling']","['History & Culture', 'Nature & Outdoors', 'Food & Cuisine', 'Architecture']",Intermediate,"['Relaxation', 'Budget', 'Cultural', 'Solo']",4,Neuschwanstein Castle,False,Agree,Very,Clear,Agree,Very,Clear,Version A,Version B,Version A,Version A,Version A,I have visited it in person.,2025-01-25 10:51:50.531436,2025-01-25,10:51:50.531436,1,-1,1,1,1
2a8a67f6-21e8-4354-aeba-1a47c759fd45,38,Female,Single,No,Indian,Frankfurt am Main,No,No,Engineer,"['Reading', 'Cooking', 'Movies/TV', 'Traveling']","['History & Culture', 'Nature & Outdoors', 'Food & Cuisine', 'Architecture']",Intermediate,"['Relaxation', 'Budget', 'Cultural', 'Solo']",5,Cologne Carnival,True,Strongly Agree,Very,Clear,Agree,Very,Clear,Version A,Version A,Version A,Version A,Version A,I have visited it in person.,2025-01-25 10:53:46.630113,2025-01-25,10:53:46.630113,1,1,1,1,1
2a8a67f6-21e8-4354-aeba-1a47c759fd45,38,Female,Single,No,Indian,Frankfurt am Main,No,No,Engineer,"['Reading', 'Cooking', 'Movies/TV', 'Traveling']","['History & Culture', 'Nature & Outdoors', 'Food & Cuisine', 'Architecture']",Intermediate,"['Relaxation', 'Budget', 'Cultural', 'Solo']",6,Cannstatter Volksfest,False,Strongly Agree,Very,Very Clear,Agree,Very,Clear,Version A,Version A,Version A,Version A,Version A,I have never heard of it before.,2025-01-25 10:54:32.189539,2025-01-25,10:54:32.189539,1,1,1,1,1
2a8a67f6-21e8-4354-aeba-1a47c759fd45,38,Female,Single,No,Indian,Frankfurt am Main,No,No,Engineer,"['Reading', 'Cooking', 'Movies/TV', 'Traveling']","['History & Culture', 'Nature & Outdoors', 'Food & Cuisine', 'Architecture']",Intermediate,"['Relaxation', 'Budget', 'Cultural', 'Solo']",7,Colosseum,False,Agree,Very,Clear,Agree,Very,Very Clear,Version B,Version B,Version B,Version B,Version B,I have visited it in person.,2025-01-25 10:55:44.007876,2025-01-25,10:55:44.007876,-1,-1,-1,-1,-1
2a8a67f6-21e8-4354-aeba-1a47c759fd45,38,Female,Single,No,Indian,Frankfurt am Main,No,No,Engineer,"['Reading', 'Cooking', 'Movies/TV', 'Traveling']","['History & Culture', 'Nature & Outdoors', 'Food & Cuisine', 'Architecture']",Intermediate,"['Relaxation', 'Budget', 'Cultural', 'Solo']",8,Louvre Museum,False,Agree,Very,Clear,Strongly Agree,Very,Very Clear,Version B,Version B,Version B,Version B,Version B,I have visited it in person.,2025-01-25 10:58:02.466346,2025-01-25,10:58:02.466346,-1,-1,-1,-1,-1
2a8a67f6-21e8-4354-aeba-1a47c759fd45,38,Female,Single,No,Indian,Frankfurt am Main,No,No,Engineer,"['Reading', 'Cooking', 'Movies/TV', 'Traveling']","['History & Culture', 'Nature & Outdoors', 'Food & Cuisine', 'Architecture']",Intermediate,"['Relaxation', 'Budget', 'Cultural', 'Solo']",9,Via del Corso,True,Strongly Agree,Very,Very Clear,Agree,Very,Clear,Version A,Version A,Version A,Version A,Version A,I have visited it in person.,2025-01-25 10:59:27.207743,2025-01-25,10:59:27.207743,1,1,1,1,1
2a8a67f6-21e8-4354-aeba-1a47c759fd45,38,Female,Single,No,Indian,Frankfurt am Main,No,No,Engineer,"['Reading', 'Cooking', 'Movies/TV', 'Traveling']","['History & Culture', 'Nature & Outdoors', 'Food & Cuisine', 'Architecture']",Intermediate,"['Relaxation', 'Budget', 'Cultural', 'Solo']",10,"Café Central, Vienna",True,Strongly Agree,Very,Very Clear,Strongly Agree,Extremely,Very Clear,Version B,Version B,Version B,Version B,Version B,I have seen/heard about it online or from others.,2025-01-25 11:00:45.158881,2025-01-25,11:00:45.158881,-1,-1,-1,-1,-1
e6dd2d90-fc52-4004-b29e-b36e267e541c,31,Female,Married,Yes,Indian,Stuttgart,No,No,,"['Dancing', 'Movies/TV', 'Cooking']","['Nature & Outdoors', 'Food & Cuisine', 'Shopping', 'Local Experiences', 'Relaxation', 'History & Culture']",Intermediate,"['Budget', 'Family-friendly', 'Relaxation']",1,Hotel Hassler Roma,False,Neutral,Moderately,Clear,Agree,Very,Clear,Version B,Version B,Version B,Version B,Version B,I have never heard of it before.,2024-12-16 12:55:40.540271,2024-12-16,12:55:40.540271,-1,-1,-1,-1,-1
e6dd2d90-fc52-4004-b29e-b36e267e541c,31,Female,Married,Yes,Indian,Stuttgart,No,No,,"['Dancing', 'Movies/TV', 'Cooking']","['Nature & Outdoors', 'Food & Cuisine', 'Shopping', 'Local Experiences', 'Relaxation', 'History & Culture']",Intermediate,"['Budget', 'Family-friendly', 'Relaxation']",2,The Savoy,False,Neutral,Moderately,Neutral,Agree,Very,Clear,Version B,Version B,Version B,Version B,Version B,I have never heard of it before.,2024-12-16 12:57:24.904851,2024-12-16,12:57:24.904851,-1,-1,-1,-1,-1
e6dd2d90-fc52-4004-b29e-b36e267e541c,31,Female,Married,Yes,Indian,Stuttgart,No,No,,"['Dancing', 'Movies/TV', 'Cooking']","['Nature & Outdoors', 'Food & Cuisine', 'Shopping', 'Local Experiences', 'Relaxation', 'History & Culture']",Intermediate,"['Budget', 'Family-friendly', 'Relaxation']",3,Jungfraujoch - Top of Europe,True,Agree,Very,Clear,Neutral,Moderately,Neutral,Version A,Version A,Version A,Version A,Version A,I have never heard of it before.,2024-12-16 12:58:44.648347,2024-12-16,12:58:44.648347,1,1,1,1,1
e6dd2d90-fc52-4004-b29e-b36e267e541c,31,Female,Married,Yes,Indian,Stuttgart,No,No,,"['Dancing', 'Movies/TV', 'Cooking']","['Nature & Outdoors', 'Food & Cuisine', 'Shopping', 'Local Experiences', 'Relaxation', 'History & Culture']",Intermediate,"['Budget', 'Family-friendly', 'Relaxation']",4,Neuschwanstein Castle,True,Neutral,Extremely,Clear,Agree,Moderately,Clear,Version A,Version A,Version B,Version A,Version A,I have never heard of it before.,2024-12-16 13:01:23.608229,2024-12-16,13:01:23.608229,1,1,-1,1,1
e6dd2d90-fc52-4004-b29e-b36e267e541c,31,Female,Married,Yes,Indian,Stuttgart,No,No,,"['Dancing', 'Movies/TV', 'Cooking']","['Nature & Outdoors', 'Food & Cuisine', 'Shopping', 'Local Experiences', 'Relaxation', 'History & Culture']",Intermediate,"['Budget', 'Family-friendly', 'Relaxation']",5,Cologne Carnival,True,Strongly Agree,Very,Clear,Neutral,Moderately,Neutral,Version A,Version A,Version A,Both equally,Both equally,I have never heard of it before.,2024-12-16 13:03:18.750496,2024-12-16,13:03:18.750496,1,1,1,0,0
e6dd2d90-fc52-4004-b29e-b36e267e541c,31,Female,Married,Yes,Indian,Stuttgart,No,No,,"['Dancing', 'Movies/TV', 'Cooking']","['Nature & Outdoors', 'Food & Cuisine', 'Shopping', 'Local Experiences', 'Relaxation', 'History & Culture']",Intermediate,"['Budget', 'Family-friendly', 'Relaxation']",6,Cannstatter Volksfest,False,Neutral,Moderately,Neutral,Strongly Agree,Extremely,Very Clear,Version B,Version B,Version B,Version B,Version B,I have never heard of it before.,2024-12-16 13:05:08.632761,2024-12-16,13:05:08.632761,-1,-1,-1,-1,-1
e6dd2d90-fc52-4004-b29e-b36e267e541c,31,Female,Married,Yes,Indian,Stuttgart,No,No,,"['Dancing', 'Movies/TV', 'Cooking']","['Nature & Outdoors', 'Food & Cuisine', 'Shopping', 'Local Experiences', 'Relaxation', 'History & Culture']",Intermediate,"['Budget', 'Family-friendly', 'Relaxation']",7,Colosseum,True,Strongly Agree,Very,Very Clear,Neutral,Very,Clear,Version A,Version A,Version A,Version A,Version A,I have never heard of it before.,2024-12-16 13:07:07.808710,2024-12-16,13:07:07.808710,1,1,1,1,1
e6dd2d90-fc52-4004-b29e-b36e267e541c,31,Female,Married,Yes,Indian,Stuttgart,No,No,,"['Dancing', 'Movies/TV', 'Cooking']","['Nature & Outdoors', 'Food & Cuisine', 'Shopping', 'Local Experiences', 'Relaxation', 'History & Culture']",Intermediate,"['Budget', 'Family-friendly', 'Relaxation']",8,Louvre Museum,True,Neutral,Moderately,Neutral,Agree,Very,Clear,Version B,Version B,Version B,Version A,Version B,I have never heard of it before.,2024-12-16 13:08:30.541821,2024-12-16,13:08:30.541821,-1,-1,-1,1,-1
e6dd2d90-fc52-4004-b29e-b36e267e541c,31,Female,Married,Yes,Indian,Stuttgart,No,No,,"['Dancing', 'Movies/TV', 'Cooking']","['Nature & Outdoors', 'Food & Cuisine', 'Shopping', 'Local Experiences', 'Relaxation', 'History & Culture']",Intermediate,"['Budget', 'Family-friendly', 'Relaxation']",9,Via del Corso,True,Neutral,Moderately,Neutral,Strongly Agree,Very,Very Clear,Version B,Version B,Version B,Version A,Version B,I have never heard of it before.,2024-12-16 13:11:05.957284,2024-12-16,13:11:05.957284,-1,-1,-1,1,-1
e6dd2d90-fc52-4004-b29e-b36e267e541c,31,Female,Married,Yes,Indian,Stuttgart,No,No,,"['Dancing', 'Movies/TV', 'Cooking']","['Nature & Outdoors', 'Food & Cuisine', 'Shopping', 'Local Experiences', 'Relaxation', 'History & Culture']",Intermediate,"['Budget', 'Family-friendly', 'Relaxation']",10,"Café Central, Vienna",True,Agree,Very,Very Clear,Agree,Very,Clear,Both equally,Both equally,Both equally,Version B,Both equally,I have never heard of it before.,2024-12-16 13:16:25.713410,2024-12-16,13:16:25.713410,0,0,0,-1,0
fcb0556b-6880-4527-94e8-2118c453dd31,30,Male,Single,No,Indian,Pune,No,No,,"['Dancing', 'Music', 'Cooking', 'Traveling']","['History & Culture', 'Architecture', 'Food & Cuisine', 'Photography', 'Nightlife']",Beginner,"['Budget', 'Adventure', 'Solo', 'Relaxation', 'Cultural', 'Family-friendly']",1,Hotel Hassler Roma,False,Agree,Very,Clear,Agree,Very,Clear,Version A,Version A,Version A,Version A,Version A,I have never heard of it before.,2025-01-27 18:23:54.836643,2025-01-27,18:23:54.836643,1,1,1,1,1
fcb0556b-6880-4527-94e8-2118c453dd31,30,Male,Single,No,Indian,Pune,No,No,,"['Dancing', 'Music', 'Cooking', 'Traveling']","['History & Culture', 'Architecture', 'Food & Cuisine', 'Photography', 'Nightlife']",Beginner,"['Budget', 'Adventure', 'Solo', 'Relaxation', 'Cultural', 'Family-friendly']",2,The Savoy,True,Neutral,Very,Clear,Agree,Very,Clear,Version A,Version B,Version A,Version B,Version A,I have seen/heard about it online or from others.,2025-01-27 18:24:13.818282,2025-01-27,18:24:13.818282,1,-1,1,-1,1
fcb0556b-6880-4527-94e8-2118c453dd31,30,Male,Single,No,Indian,Pune,No,No,,"['Dancing', 'Music', 'Cooking', 'Traveling']","['History & Culture', 'Architecture', 'Food & Cuisine', 'Photography', 'Nightlife']",Beginner,"['Budget', 'Adventure', 'Solo', 'Relaxation', 'Cultural', 'Family-friendly']",3,Jungfraujoch - Top of Europe,False,Agree,Very,Neutral,Strongly Disagree,Moderately,Very Clear,Version A,Version B,Version A,Version A,Version B,I have never heard of it before.,2025-01-27 18:24:30.766573,2025-01-27,18:24:30.766573,1,-1,1,1,-1
fcb0556b-6880-4527-94e8-2118c453dd31,30,Male,Single,No,Indian,Pune,No,No,,"['Dancing', 'Music', 'Cooking', 'Traveling']","['History & Culture', 'Architecture', 'Food & Cuisine', 'Photography', 'Nightlife']",Beginner,"['Budget', 'Adventure', 'Solo', 'Relaxation', 'Cultural', 'Family-friendly']",4,Neuschwanstein Castle,False,Strongly Agree,Extremely,Clear,Agree,Very,Clear,Version A,Version A,Version A,Version B,Version B,I have seen/heard about it online or from others.,2025-01-27 18:24:46.513536,2025-01-27,18:24:46.513536,1,1,1,-1,-1
fcb0556b-6880-4527-94e8-2118c453dd31,30,Male,Single,No,Indian,Pune,No,No,,"['Dancing', 'Music', 'Cooking', 'Traveling']","['History & Culture', 'Architecture', 'Food & Cuisine', 'Photography', 'Nightlife']",Beginner,"['Budget', 'Adventure', 'Solo', 'Relaxation', 'Cultural', 'Family-friendly']",5,Cologne Carnival,False,Agree,Very,Clear,Agree,Very,Clear,Version A,Version A,Version B,Version B,Version A,I have never heard of it before.,2025-01-27 18:24:58.995168,2025-01-27,18:24:58.995168,1,1,-1,-1,1
fcb0556b-6880-4527-94e8-2118c453dd31,30,Male,Single,No,Indian,Pune,No,No,,"['Dancing', 'Music', 'Cooking', 'Traveling']","['History & Culture', 'Architecture', 'Food & Cuisine', 'Photography', 'Nightlife']",Beginner,"['Budget', 'Adventure', 'Solo', 'Relaxation', 'Cultural', 'Family-friendly']",6,Cannstatter Volksfest,False,Agree,Very,Clear,Agree,Very,Clear,Version A,Version A,Version A,Version A,Version A,I have seen/heard about it online or from others.,2025-01-27 18:25:15.938109,2025-01-27,18:25:15.938109,1,1,1,1,1
fcb0556b-6880-4527-94e8-2118c453dd31,30,Male,Single,No,Indian,Pune,No,No,,"['Dancing', 'Music', 'Cooking', 'Traveling']","['History & Culture', 'Architecture', 'Food & Cuisine', 'Photography', 'Nightlife']",Beginner,"['Budget', 'Adventure', 'Solo', 'Relaxation', 'Cultural', 'Family-friendly']",7,Colosseum,False,Agree,Very,Clear,Neutral,Very,Very Clear,Version A,Version B,Version A,Version B,Version A,I have seen/heard about it online or from others.,2025-01-27 18:25:43.573318,2025-01-27,18:25:43.573318,1,-1,1,-1,1
fcb0556b-6880-4527-94e8-2118c453dd31,30,Male,Single,No,Indian,Pune,No,No,,"['Dancing', 'Music', 'Cooking', 'Traveling']","['History & Culture', 'Architecture', 'Food & Cuisine', 'Photography', 'Nightlife']",Beginner,"['Budget', 'Adventure', 'Solo', 'Relaxation', 'Cultural', 'Family-friendly']",8,Louvre Museum,False,Neutral,Moderately,Neutral,Neutral,Very,Clear,Version B,Version B,Version A,Version A,Version A,I have seen/heard about it online or from others.,2025-01-27 18:25:59.442224,2025-01-27,18:25:59.442224,-1,-1,1,1,1
fcb0556b-6880-4527-94e8-2118c453dd31,30,Male,Single,No,Indian,Pune,No,No,,"['Dancing', 'Music', 'Cooking', 'Traveling']","['History & Culture', 'Architecture', 'Food & Cuisine', 'Photography', 'Nightlife']",Beginner,"['Budget', 'Adventure', 'Solo', 'Relaxation', 'Cultural', 'Family-friendly']",9,Via del Corso,True,Agree,Very,Very Clear,Strongly Agree,Very,Clear,Version A,Version A,Version B,Version B,Version A,I have seen/heard about it online or from others.,2025-01-27 18:26:15.647352,2025-01-27,18:26:15.647352,1,1,-1,-1,1
fcb0556b-6880-4527-94e8-2118c453dd31,30,Male,Single,No,Indian,Pune,No,No,,"['Dancing', 'Music', 'Cooking', 'Traveling']","['History & Culture', 'Architecture', 'Food & Cuisine', 'Photography', 'Nightlife']",Beginner,"['Budget', 'Adventure', 'Solo', 'Relaxation', 'Cultural', 'Family-friendly']",10,"Café Central, Vienna",True,Neutral,Moderately,Neutral,Neutral,Moderately,Neutral,Version A,Version A,Version B,Version B,Version B,I have seen/heard about it online or from others.,2025-01-27 18:26:32.863091,2025-01-27,18:26:32.863091,1,1,-1,-1,-1
a7a4c338-a839-49a7-8374-d41945673dce,38,Male,Married,Yes,Indian,Bengaluru,No,No,Engineer,"['Writing', 'Technology', 'Traveling']","['Nature & Outdoors', 'History & Culture', 'Relaxation']",Beginner,"['Relaxation', 'Road Trips', 'Family-friendly']",1,Hotel Hassler Roma,False,Disagree,Not at all,Unclear,Neutral,Slightly,Unclear,Version A,Version A,Version A,Both equally,Version A,I have never heard of it before.,2025-01-25 12:27:10.919815,2025-01-25,12:27:10.919815,1,1,1,0,1
a7a4c338-a839-49a7-8374-d41945673dce,38,Male,Married,Yes,Indian,Bengaluru,No,No,Engineer,"['Writing', 'Technology', 'Traveling']","['Nature & Outdoors', 'History & Culture', 'Relaxation']",Beginner,"['Relaxation', 'Road Trips', 'Family-friendly']",2,The Savoy,True,Strongly Disagree,Slightly,Unclear,Disagree,Moderately,Neutral,Version B,Version B,Version A,Version B,Version B,I have never heard of it before.,2025-01-25 12:27:50.300518,2025-01-25,12:27:50.300518,-1,-1,1,-1,-1
a7a4c338-a839-49a7-8374-d41945673dce,38,Male,Married,Yes,Indian,Bengaluru,No,No,Engineer,"['Writing', 'Technology', 'Traveling']","['Nature & Outdoors', 'History & Culture', 'Relaxation']",Beginner,"['Relaxation', 'Road Trips', 'Family-friendly']",3,Jungfraujoch - Top of Europe,True,Neutral,Moderately,Neutral,Disagree,Moderately,Neutral,Version A,Version A,Version A,Version A,Version A,I have never heard of it before.,2025-01-25 12:28:33.735761,2025-01-25,12:28:33.735761,1,1,1,1,1
a7a4c338-a839-49a7-8374-d41945673dce,38,Male,Married,Yes,Indian,Bengaluru,No,No,Engineer,"['Writing', 'Technology', 'Traveling']","['Nature & Outdoors', 'History & Culture', 'Relaxation']",Beginner,"['Relaxation', 'Road Trips', 'Family-friendly']",4,Neuschwanstein Castle,False,Neutral,Moderately,Clear,Disagree,Moderately,Clear,Version A,Version A,Version A,Version A,Version A,I have seen/heard about it online or from others.,2025-01-25 12:29:01.582804,2025-01-25,12:29:01.582804,1,1,1,1,1
a7a4c338-a839-49a7-8374-d41945673dce,38,Male,Married,Yes,Indian,Bengaluru,No,No,Engineer,"['Writing', 'Technology', 'Traveling']","['Nature & Outdoors', 'History & Culture', 'Relaxation']",Beginner,"['Relaxation', 'Road Trips', 'Family-friendly']",5,Cologne Carnival,False,Disagree,Moderately,Neutral,Disagree,Moderately,Neutral,Version B,Version B,Version A,Version B,Version B,I have seen/heard about it online or from others.,2025-01-25 12:29:25.612629,2025-01-25,12:29:25.612629,-1,-1,1,-1,-1
a7a4c338-a839-49a7-8374-d41945673dce,38,Male,Married,Yes,Indian,Bengaluru,No,No,Engineer,"['Writing', 'Technology', 'Traveling']","['Nature & Outdoors', 'History & Culture', 'Relaxation']",Beginner,"['Relaxation', 'Road Trips', 'Family-friendly']",6,Cannstatter Volksfest,False,Neutral,Very,Neutral,Disagree,Slightly,Very Unclear,Version B,Version A,Version A,Version A,Version A,I have seen/heard about it online or from others.,2025-01-25 12:30:02.457684,2025-01-25,12:30:02.457684,-1,1,1,1,1
a7a4c338-a839-49a7-8374-d41945673dce,38,Male,Married,Yes,Indian,Bengaluru,No,No,Engineer,"['Writing', 'Technology', 'Traveling']","['Nature & Outdoors', 'History & Culture', 'Relaxation']",Beginner,"['Relaxation', 'Road Trips', 'Family-friendly']",7,Colosseum,True,Neutral,Moderately,Neutral,Neutral,Moderately,Neutral,Both equally,Both equally,Both equally,Both equally,Both equally,I have seen/heard about it online or from others.,2025-01-25 12:30:56.810077,2025-01-25,12:30:56.810077,0,0,0,0,0
a7a4c338-a839-49a7-8374-d41945673dce,38,Male,Married,Yes,Indian,Bengaluru,No,No,Engineer,"['Writing', 'Technology', 'Traveling']","['Nature & Outdoors', 'History & Culture', 'Relaxation']",Beginner,"['Relaxation', 'Road Trips', 'Family-friendly']",8,Louvre Museum,False,Neutral,Moderately,Neutral,Disagree,Moderately,Unclear,Both equally,Version B,Version B,Both equally,Both equally,I have never heard of it before.,2025-01-25 12:31:19.032028,2025-01-25,12:31:19.032028,0,-1,-1,0,0
a7a4c338-a839-49a7-8374-d41945673dce,38,Male,Married,Yes,Indian,Bengaluru,No,No,Engineer,"['Writing', 'Technology', 'Traveling']","['Nature & Outdoors', 'History & Culture', 'Relaxation']",Beginner,"['Relaxation', 'Road Trips', 'Family-friendly']",9,Via del Corso,False,Disagree,Moderately,Unclear,Strongly Disagree,Slightly,Very Unclear,Version A,Version A,Version A,Version A,Version A,I have seen/heard about it online or from others.,2025-01-25 12:31:44.420634,2025-01-25,12:31:44.420634,1,1,1,1,1
a7a4c338-a839-49a7-8374-d41945673dce,38,Male,Married,Yes,Indian,Bengaluru,No,No,Engineer,"['Writing', 'Technology', 'Traveling']","['Nature & Outdoors', 'History & Culture', 'Relaxation']",Beginner,"['Relaxation', 'Road Trips', 'Family-friendly']",10,"Café Central, Vienna",False,Neutral,Very,Clear,Disagree,Slightly,Unclear,Version A,Version A,Version A,Version A,Version A,I have seen/heard about it online or from others.,2025-01-25 12:32:14.114496,2025-01-25,12:32:14.114496,1,1,1,1,1
e4815d44-e457-4eef-a039-7640c1d3bc26,37,Female,Married,Yes,Indian,Dallas,Yes,No,Student,"['Music', 'Traveling', 'Reading']","['Relaxation', 'Food & Cuisine', 'Nature & Outdoors']",Intermediate,"['Luxury', 'Relaxation', 'Family-friendly']",1,Hotel Hassler Roma,False,Agree,Very,Clear,Agree,Moderately,Clear,Version A,Version A,Version A,Version B,Version A,I have never heard of it before.,2025-01-25 16:46:40.919661,2025-01-25,16:46:40.919661,1,1,1,-1,1
e4815d44-e457-4eef-a039-7640c1d3bc26,37,Female,Married,Yes,Indian,Dallas,Yes,No,Student,"['Music', 'Traveling', 'Reading']","['Relaxation', 'Food & Cuisine', 'Nature & Outdoors']",Intermediate,"['Luxury', 'Relaxation', 'Family-friendly']",2,The Savoy,True,Agree,Moderately,Clear,Agree,Very,Clear,Version B,Version B,Version B,Version B,Version B,I have seen/heard about it online or from others.,2025-01-25 16:52:18.504308,2025-01-25,16:52:18.504308,-1,-1,-1,-1,-1
e4815d44-e457-4eef-a039-7640c1d3bc26,37,Female,Married,Yes,Indian,Dallas,Yes,No,Student,"['Music', 'Traveling', 'Reading']","['Relaxation', 'Food & Cuisine', 'Nature & Outdoors']",Intermediate,"['Luxury', 'Relaxation', 'Family-friendly']",3,Jungfraujoch - Top of Europe,True,Agree,Moderately,Neutral,Agree,Very,Clear,Version B,Version B,Version B,Version B,Version B,I have never heard of it before.,2025-01-25 16:54:41.484269,2025-01-25,16:54:41.484269,-1,-1,-1,-1,-1
e4815d44-e457-4eef-a039-7640c1d3bc26,37,Female,Married,Yes,Indian,Dallas,Yes,No,Student,"['Music', 'Traveling', 'Reading']","['Relaxation', 'Food & Cuisine', 'Nature & Outdoors']",Intermediate,"['Luxury', 'Relaxation', 'Family-friendly']",4,Neuschwanstein Castle,False,Agree,Very,Clear,Agree,Very,Clear,Version A,Version A,Version A,Version B,Version B,I have never heard of it before.,2025-01-25 16:56:50.810355,2025-01-25,16:56:50.810355,1,1,1,-1,-1
e4815d44-e457-4eef-a039-7640c1d3bc26,37,Female,Married,Yes,Indian,Dallas,Yes,No,Student,"['Music', 'Traveling', 'Reading']","['Relaxation', 'Food & Cuisine', 'Nature & Outdoors']",Intermediate,"['Luxury', 'Relaxation', 'Family-friendly']",5,Cologne Carnival,False,Agree,Moderately,Neutral,Agree,Very,Clear,Version A,Version B,Version B,Both equally,Version B,I have never heard of it before.,2025-01-25 16:59:32.388857,2025-01-25,16:59:32.388857,1,-1,-1,0,-1
e4815d44-e457-4eef-a039-7640c1d3bc26,37,Female,Married,Yes,Indian,Dallas,Yes,No,Student,"['Music', 'Traveling', 'Reading']","['Relaxation', 'Food & Cuisine', 'Nature & Outdoors']",Intermediate,"['Luxury', 'Relaxation', 'Family-friendly']",6,Cannstatter Volksfest,False,Agree,Very,Clear,Agree,Very,Clear,Version A,Version B,Version A,Version A,Version B,I have never heard of it before.,2025-01-25 17:02:38.812037,2025-01-25,17:02:38.812037,1,-1,1,1,-1
e4815d44-e457-4eef-a039-7640c1d3bc26,37,Female,Married,Yes,Indian,Dallas,Yes,No,Student,"['Music', 'Traveling', 'Reading']","['Relaxation', 'Food & Cuisine', 'Nature & Outdoors']",Intermediate,"['Luxury', 'Relaxation', 'Family-friendly']",7,Colosseum,False,Agree,Moderately,Neutral,Agree,Very,Clear,Version B,Version B,Version A,Version A,Version B,I have never heard of it before.,2025-01-25 17:07:18.621225,2025-01-25,17:07:18.621225,-1,-1,1,1,-1
e4815d44-e457-4eef-a039-7640c1d3bc26,37,Female,Married,Yes,Indian,Dallas,Yes,No,Student,"['Music', 'Traveling', 'Reading']","['Relaxation', 'Food & Cuisine', 'Nature & Outdoors']",Intermediate,"['Luxury', 'Relaxation', 'Family-friendly']",8,Louvre Museum,False,Agree,Very,Clear,Agree,Very,Clear,Version A,Version B,Version A,Version A,Version B,I have never heard of it before.,2025-01-25 17:09:23.826809,2025-01-25,17:09:23.826809,1,-1,1,1,-1
e4815d44-e457-4eef-a039-7640c1d3bc26,37,Female,Married,Yes,Indian,Dallas,Yes,No,Student,"['Music', 'Traveling', 'Reading']","['Relaxation', 'Food & Cuisine', 'Nature & Outdoors']",Intermediate,"['Luxury', 'Relaxation', 'Family-friendly']",9,Via del Corso,False,Agree,Moderately,Neutral,Agree,Very,Clear,Version A,Version B,Both equally,Version A,Version B,I have never heard of it before.,2025-01-25 17:11:10.174739,2025-01-25,17:11:10.174739,1,-1,0,1,-1
e4815d44-e457-4eef-a039-7640c1d3bc26,37,Female,Married,Yes,Indian,Dallas,Yes,No,Student,"['Music', 'Traveling', 'Reading']","['Relaxation', 'Food & Cuisine', 'Nature & Outdoors']",Intermediate,"['Luxury', 'Relaxation', 'Family-friendly']",10,"Café Central, Vienna",False,Agree,Very,Neutral,Agree,Very,Clear,Version A,Version B,Version A,Version A,Version B,I have never heard of it before.,2025-01-25 17:13:51.042456,2025-01-25,17:13:51.042456,1,-1,1,1,-1
0770beef-e6d0-446d-9b13-b8c5e976ee83,29,Male,Married,No,Indian,Koblenz ,No,No,Engineer,"['Movies/TV', 'Fitness', 'Cooking']","['Nature & Outdoors', 'Adventure Sports', 'Relaxation', 'Photography', 'Food & Cuisine', 'History & Culture']",Intermediate,"['Adventure', 'Road Trips', 'Relaxation', 'Budget']",1,Hotel Hassler Roma,True,Neutral,Moderately,Clear,Strongly Agree,Moderately,Clear,Version B,Version B,Version B,Version B,Version B,I have never heard of it before.,2025-01-25 12:18:52.873701,2025-01-25,12:18:52.873701,-1,-1,-1,-1,-1
0770beef-e6d0-446d-9b13-b8c5e976ee83,29,Male,Married,No,Indian,Koblenz ,No,No,Engineer,"['Movies/TV', 'Fitness', 'Cooking']","['Nature & Outdoors', 'Adventure Sports', 'Relaxation', 'Photography', 'Food & Cuisine', 'History & Culture']",Intermediate,"['Adventure', 'Road Trips', 'Relaxation', 'Budget']",2,The Savoy,False,Agree,Moderately,Clear,Strongly Agree,Very,Clear,Version B,Version B,Version B,Version B,Both equally,I have never heard of it before.,2025-01-25 12:21:49.644087,2025-01-25,12:21:49.644087,-1,-1,-1,-1,0
0770beef-e6d0-446d-9b13-b8c5e976ee83,29,Male,Married,No,Indian,Koblenz ,No,No,Engineer,"['Movies/TV', 'Fitness', 'Cooking']","['Nature & Outdoors', 'Adventure Sports', 'Relaxation', 'Photography', 'Food & Cuisine', 'History & Culture']",Intermediate,"['Adventure', 'Road Trips', 'Relaxation', 'Budget']",3,Jungfraujoch - Top of Europe,True,Agree,Very,Clear,Agree,Very,Clear,Both equally,Both equally,Version B,Both equally,Both equally,I have never heard of it before.,2025-01-25 12:23:33.542144,2025-01-25,12:23:33.542144,0,0,-1,0,0
0770beef-e6d0-446d-9b13-b8c5e976ee83,29,Male,Married,No,Indian,Koblenz ,No,No,Engineer,"['Movies/TV', 'Fitness', 'Cooking']","['Nature & Outdoors', 'Adventure Sports', 'Relaxation', 'Photography', 'Food & Cuisine', 'History & Culture']",Intermediate,"['Adventure', 'Road Trips', 'Relaxation', 'Budget']",4,Neuschwanstein Castle,False,Agree,Very,Clear,Agree,Very,Clear,Both equally,Both equally,Both equally,Both equally,Both equally,I have visited it in person.,2025-01-25 12:25:40.812328,2025-01-25,12:25:40.812328,0,0,0,0,0
0770beef-e6d0-446d-9b13-b8c5e976ee83,29,Male,Married,No,Indian,Koblenz ,No,No,Engineer,"['Movies/TV', 'Fitness', 'Cooking']","['Nature & Outdoors', 'Adventure Sports', 'Relaxation', 'Photography', 'Food & Cuisine', 'History & Culture']",Intermediate,"['Adventure', 'Road Trips', 'Relaxation', 'Budget']",5,Cologne Carnival,False,Agree,Very,Clear,Agree,Very,Clear,Both equally,Both equally,Both equally,Both equally,Both equally,I have seen/heard about it online or from others.,2025-01-25 12:26:34.022475,2025-01-25,12:26:34.022475,0,0,0,0,0
0770beef-e6d0-446d-9b13-b8c5e976ee83,29,Male,Married,No,Indian,Koblenz ,No,No,Engineer,"['Movies/TV', 'Fitness', 'Cooking']","['Nature & Outdoors', 'Adventure Sports', 'Relaxation', 'Photography', 'Food & Cuisine', 'History & Culture']",Intermediate,"['Adventure', 'Road Trips', 'Relaxation', 'Budget']",6,Cannstatter Volksfest,False,Agree,Very,Clear,Agree,Moderately,Clear,Version A,Version A,Version A,Version A,Version A,I have never heard of it before.,2025-01-25 12:28:43.053496,2025-01-25,12:28:43.053496,1,1,1,1,1
0770beef-e6d0-446d-9b13-b8c5e976ee83,29,Male,Married,No,Indian,Koblenz ,No,No,Engineer,"['Movies/TV', 'Fitness', 'Cooking']","['Nature & Outdoors', 'Adventure Sports', 'Relaxation', 'Photography', 'Food & Cuisine', 'History & Culture']",Intermediate,"['Adventure', 'Road Trips', 'Relaxation', 'Budget']",7,Colosseum,False,Agree,Very,Clear,Agree,Very,Clear,Both equally,Version A,Both equally,Version B,Both equally,I have never heard of it before.,2025-01-25 12:30:18.788929,2025-01-25,12:30:18.788929,0,1,0,-1,0
0770beef-e6d0-446d-9b13-b8c5e976ee83,29,Male,Married,No,Indian,Koblenz ,No,No,Engineer,"['Movies/TV', 'Fitness', 'Cooking']","['Nature & Outdoors', 'Adventure Sports', 'Relaxation', 'Photography', 'Food & Cuisine', 'History & Culture']",Intermediate,"['Adventure', 'Road Trips', 'Relaxation', 'Budget']",8,Louvre Museum,True,Agree,Very,Clear,Strongly Agree,Extremely,Very Clear,Version B,Version B,Version B,Both equally,Version B,I have visited it in person.,2025-01-25 12:31:25.660887,2025-01-25,12:31:25.660887,-1,-1,-1,0,-1
0770beef-e6d0-446d-9b13-b8c5e976ee83,29,Male,Married,No,Indian,Koblenz ,No,No,Engineer,"['Movies/TV', 'Fitness', 'Cooking']","['Nature & Outdoors', 'Adventure Sports', 'Relaxation', 'Photography', 'Food & Cuisine', 'History & Culture']",Intermediate,"['Adventure', 'Road Trips', 'Relaxation', 'Budget']",9,Via del Corso,True,Agree,Very,Clear,Agree,Extremely,Clear,Version B,Version B,Version B,Version B,Version B,I have never heard of it before.,2025-01-25 12:32:44.817134,2025-01-25,12:32:44.817134,-1,-1,-1,-1,-1
0770beef-e6d0-446d-9b13-b8c5e976ee83,29,Male,Married,No,Indian,Koblenz ,No,No,Engineer,"['Movies/TV', 'Fitness', 'Cooking']","['Nature & Outdoors', 'Adventure Sports', 'Relaxation', 'Photography', 'Food & Cuisine', 'History & Culture']",Intermediate,"['Adventure', 'Road Trips', 'Relaxation', 'Budget']",10,"Café Central, Vienna",False,Agree,Very,Clear,Agree,Very,Clear,Both equally,Both equally,Both equally,Both equally,Both equally,I have never heard of it before.,2025-01-25 12:33:59.917952,2025-01-25,12:33:59.917952,0,0,0,0,0
6038b436-3569-4113-8d93-8f41ff4745be,28,Male,Single,No,Indian,Koblenz,No,No,Engineer,"['Sports', 'Other', 'Technology', 'Reading']","['History & Culture', 'Nature & Outdoors', 'Food & Cuisine']",Beginner,"['Budget', 'Eco-tourism', 'Relaxation']",1,Hotel Hassler Roma,True,Agree,Moderately,Clear,Agree,Very,Clear,Version B,Version B,Version B,Version A,Version B,I have never heard of it before.,2025-01-26 16:53:47.984726,2025-01-26,16:53:47.984726,-1,-1,-1,1,-1
6038b436-3569-4113-8d93-8f41ff4745be,28,Male,Single,No,Indian,Koblenz,No,No,Engineer,"['Sports', 'Other', 'Technology', 'Reading']","['History & Culture', 'Nature & Outdoors', 'Food & Cuisine']",Beginner,"['Budget', 'Eco-tourism', 'Relaxation']",2,The Savoy,False,Agree,Moderately,Neutral,Agree,Very,Clear,Version B,Version B,Version B,Version B,Version B,I have never heard of it before.,2025-01-26 16:57:08.739509,2025-01-26,16:57:08.739509,-1,-1,-1,-1,-1
6038b436-3569-4113-8d93-8f41ff4745be,28,Male,Single,No,Indian,Koblenz,No,No,Engineer,"['Sports', 'Other', 'Technology', 'Reading']","['History & Culture', 'Nature & Outdoors', 'Food & Cuisine']",Beginner,"['Budget', 'Eco-tourism', 'Relaxation']",3,Jungfraujoch - Top of Europe,False,Agree,Very,Clear,Agree,Very,Very Clear,Version B,Version B,Version B,Version B,Version B,I have never heard of it before.,2025-01-26 17:00:41.551788,2025-01-26,17:00:41.551788,-1,-1,-1,-1,-1
6038b436-3569-4113-8d93-8f41ff4745be,28,Male,Single,No,Indian,Koblenz,No,No,Engineer,"['Sports', 'Other', 'Technology', 'Reading']","['History & Culture', 'Nature & Outdoors', 'Food & Cuisine']",Beginner,"['Budget', 'Eco-tourism', 'Relaxation']",4,Neuschwanstein Castle,True,Agree,Very,Clear,Strongly Agree,Extremely,Very Clear,Version B,Version B,Version B,Version A,Version B,I have visited it in person.,2025-01-26 17:01:40.816437,2025-01-26,17:01:40.816437,-1,-1,-1,1,-1
6038b436-3569-4113-8d93-8f41ff4745be,28,Male,Single,No,Indian,Koblenz,No,No,Engineer,"['Sports', 'Other', 'Technology', 'Reading']","['History & Culture', 'Nature & Outdoors', 'Food & Cuisine']",Beginner,"['Budget', 'Eco-tourism', 'Relaxation']",5,Cologne Carnival,False,Agree,Very,Very Clear,Agree,Very,Clear,Version A,Version A,Version A,Version B,Version A,I have seen/heard about it online or from others.,2025-01-26 17:04:12.973637,2025-01-26,17:04:12.973637,1,1,1,-1,1
6038b436-3569-4113-8d93-8f41ff4745be,28,Male,Single,No,Indian,Koblenz,No,No,Engineer,"['Sports', 'Other', 'Technology', 'Reading']","['History & Culture', 'Nature & Outdoors', 'Food & Cuisine']",Beginner,"['Budget', 'Eco-tourism', 'Relaxation']",6,Cannstatter Volksfest,True,Agree,Moderately,Neutral,Agree,Extremely,Very Clear,Version B,Version B,Version B,Version A,Version B,I have never heard of it before.,2025-01-26 17:05:09.119410,2025-01-26,17:05:09.119410,-1,-1,-1,1,-1
6038b436-3569-4113-8d93-8f41ff4745be,28,Male,Single,No,Indian,Koblenz,No,No,Engineer,"['Sports', 'Other', 'Technology', 'Reading']","['History & Culture', 'Nature & Outdoors', 'Food & Cuisine']",Beginner,"['Budget', 'Eco-tourism', 'Relaxation']",7,Colosseum,False,Agree,Very,Clear,Agree,Very,Very Clear,Version B,Version B,Version B,Both equally,Both equally,I have seen/heard about it online or from others.,2025-01-26 17:06:10.363443,2025-01-26,17:06:10.363443,-1,-1,-1,0,0
6038b436-3569-4113-8d93-8f41ff4745be,28,Male,Single,No,Indian,Koblenz,No,No,Engineer,"['Sports', 'Other', 'Technology', 'Reading']","['History & Culture', 'Nature & Outdoors', 'Food & Cuisine']",Beginner,"['Budget', 'Eco-tourism', 'Relaxation']",8,Louvre Museum,True,Agree,Extremely,Very Clear,Agree,Moderately,Neutral,Version A,Version A,Version A,Version A,Version A,I have seen/heard about it online or from others.,2025-01-26 17:06:54.073842,2025-01-26,17:06:54.073842,1,1,1,1,1
6038b436-3569-4113-8d93-8f41ff4745be,28,Male,Single,No,Indian,Koblenz,No,No,Engineer,"['Sports', 'Other', 'Technology', 'Reading']","['History & Culture', 'Nature & Outdoors', 'Food & Cuisine']",Beginner,"['Budget', 'Eco-tourism', 'Relaxation']",9,Via del Corso,False,Agree,Very,Clear,Agree,Very,Clear,Both equally,Both equally,Both equally,Version B,Both equally,I have never heard of it before.,2025-01-26 17:07:47.156675,2025-01-26,17:07:47.156675,0,0,0,-1,0
6038b436-3569-4113-8d93-8f41ff4745be,28,Male,Single,No,Indian,Koblenz,No,No,Engineer,"['Sports', 'Other', 'Technology', 'Reading']","['History & Culture', 'Nature & Outdoors', 'Food & Cuisine']",Beginner,"['Budget', 'Eco-tourism', 'Relaxation']",10,"Café Central, Vienna",False,Agree,Very,Clear,Agree,Very,Clear,Version B,Version B,Version B,Version B,Version B,I have never heard of it before.,2025-01-26 17:10:17.405088,2025-01-26,17:10:17.405088,-1,-1,-1,-1,-1
756a0869-1ec7-47b7-b6b0-b3246cfabb1f,36,Male,Married,Yes,Indian,Dallas,No,No,Engineer,"['Sports', 'Music', 'Fitness']","['Nature & Outdoors', 'Relaxation', 'Festivals', 'Nightlife']",Experienced,"['Budget', 'Relaxation', 'Family-friendly']",1,Hotel Hassler Roma,False,Neutral,Not at all,Unclear,Agree,Slightly,Neutral,Version B,Version B,Version B,Version A,Version B,I have never heard of it before.,2025-01-26 05:07:54.675638,2025-01-26,05:07:54.675638,-1,-1,-1,1,-1
756a0869-1ec7-47b7-b6b0-b3246cfabb1f,36,Male,Married,Yes,Indian,Dallas,No,No,Engineer,"['Sports', 'Music', 'Fitness']","['Nature & Outdoors', 'Relaxation', 'Festivals', 'Nightlife']",Experienced,"['Budget', 'Relaxation', 'Family-friendly']",2,The Savoy,True,Agree,Moderately,Neutral,Agree,Moderately,Clear,Version A,Version A,Version A,Version A,Version A,I have never heard of it before.,2025-01-26 05:11:58.289237,2025-01-26,05:11:58.289237,1,1,1,1,1
756a0869-1ec7-47b7-b6b0-b3246cfabb1f,36,Male,Married,Yes,Indian,Dallas,No,No,Engineer,"['Sports', 'Music', 'Fitness']","['Nature & Outdoors', 'Relaxation', 'Festivals', 'Nightlife']",Experienced,"['Budget', 'Relaxation', 'Family-friendly']",3,Jungfraujoch - Top of Europe,True,Agree,Moderately,Clear,Agree,Moderately,Clear,Version B,Version B,Version B,Version A,Version B,I have never heard of it before.,2025-01-26 05:14:33.290965,2025-01-26,05:14:33.290965,-1,-1,-1,1,-1
756a0869-1ec7-47b7-b6b0-b3246cfabb1f,36,Male,Married,Yes,Indian,Dallas,No,No,Engineer,"['Sports', 'Music', 'Fitness']","['Nature & Outdoors', 'Relaxation', 'Festivals', 'Nightlife']",Experienced,"['Budget', 'Relaxation', 'Family-friendly']",4,Neuschwanstein Castle,True,Agree,Very,Clear,Strongly Agree,Very,Clear,Version B,Version B,Version B,Version B,Version B,I have never heard of it before.,2025-01-26 05:17:37.691072,2025-01-26,05:17:37.691072,-1,-1,-1,-1,-1
756a0869-1ec7-47b7-b6b0-b3246cfabb1f,36,Male,Married,Yes,Indian,Dallas,No,No,Engineer,"['Sports', 'Music', 'Fitness']","['Nature & Outdoors', 'Relaxation', 'Festivals', 'Nightlife']",Experienced,"['Budget', 'Relaxation', 'Family-friendly']",5,Cologne Carnival,True,Strongly Agree,Very,Clear,Disagree,Not at all,Unclear,Version A,Version A,Version A,Both equally,Version A,I have never heard of it before.,2025-01-26 05:20:48.877952,2025-01-26,05:20:48.877952,1,1,1,0,1
756a0869-1ec7-47b7-b6b0-b3246cfabb1f,36,Male,Married,Yes,Indian,Dallas,No,No,Engineer,"['Sports', 'Music', 'Fitness']","['Nature & Outdoors', 'Relaxation', 'Festivals', 'Nightlife']",Experienced,"['Budget', 'Relaxation', 'Family-friendly']",6,Cannstatter Volksfest,False,Disagree,Slightly,Unclear,Agree,Very,Clear,Version B,Version B,Version B,Version B,Version B,I have never heard of it before.,2025-01-26 05:23:32.575371,2025-01-26,05:23:32.575371,-1,-1,-1,-1,-1
756a0869-1ec7-47b7-b6b0-b3246cfabb1f,36,Male,Married,Yes,Indian,Dallas,No,No,Engineer,"['Sports', 'Music', 'Fitness']","['Nature & Outdoors', 'Relaxation', 'Festivals', 'Nightlife']",Experienced,"['Budget', 'Relaxation', 'Family-friendly']",7,Colosseum,False,Agree,Very,Clear,Strongly Agree,Very,Clear,Version B,Version B,Version B,Both equally,Version B,I have seen/heard about it online or from others.,2025-01-26 05:25:14.996006,2025-01-26,05:25:14.996006,-1,-1,-1,0,-1
756a0869-1ec7-47b7-b6b0-b3246cfabb1f,36,Male,Married,Yes,Indian,Dallas,No,No,Engineer,"['Sports', 'Music', 'Fitness']","['Nature & Outdoors', 'Relaxation', 'Festivals', 'Nightlife']",Experienced,"['Budget', 'Relaxation', 'Family-friendly']",8,Louvre Museum,True,Agree,Moderately,Neutral,Neutral,Slightly,Unclear,Version A,Version A,Version A,Version A,Version A,I have never heard of it before.,2025-01-26 05:29:02.649663,2025-01-26,05:29:02.649663,1,1,1,1,1
756a0869-1ec7-47b7-b6b0-b3246cfabb1f,36,Male,Married,Yes,Indian,Dallas,No,No,Engineer,"['Sports', 'Music', 'Fitness']","['Nature & Outdoors', 'Relaxation', 'Festivals', 'Nightlife']",Experienced,"['Budget', 'Relaxation', 'Family-friendly']",9,Via del Corso,True,Disagree,Moderately,Unclear,Agree,Very,Clear,Version B,Version A,Version B,Both equally,Version B,I have never heard of it before.,2025-01-26 05:34:10.960889,2025-01-26,05:34:10.960889,-1,1,-1,0,-1
756a0869-1ec7-47b7-b6b0-b3246cfabb1f,36,Male,Married,Yes,Indian,Dallas,No,No,Engineer,"['Sports', 'Music', 'Fitness']","['Nature & Outdoors', 'Relaxation', 'Festivals', 'Nightlife']",Experienced,"['Budget', 'Relaxation', 'Family-friendly']",10,"Café Central, Vienna",False,Disagree,Moderately,Unclear,Agree,Very,Clear,Version B,Version B,Version B,Version B,Version B,I have never heard of it before.,2025-01-26 05:35:36.681596,2025-01-26,05:35:36.681596,-1,-1,-1,-1,-1
715a45ba-bc43-4166-a9f0-67bb36a3253b,37,Male,Married,Yes,Indian,Kasaragod,No,No,,"['Movies/TV', 'Traveling', 'Music']","['Nature & Outdoors', 'History & Culture', 'Food & Cuisine', 'Local Experiences', 'Adventure Sports', 'Relaxation', 'Nightlife']",Experienced,"['Road Trips', 'Family-friendly', 'Eco-tourism', 'Relaxation', 'Budget', 'Adventure']",1,Hotel Hassler Roma,False,Agree,Slightly,Neutral,Neutral,Slightly,Clear,Version A,Version B,Version A,Version A,Both equally,I have never heard of it before.,2025-01-25 10:48:04.480959,2025-01-25,10:48:04.480959,1,-1,1,1,0
715a45ba-bc43-4166-a9f0-67bb36a3253b,37,Male,Married,Yes,Indian,Kasaragod,No,No,,"['Movies/TV', 'Traveling', 'Music']","['Nature & Outdoors', 'History & Culture', 'Food & Cuisine', 'Local Experiences', 'Adventure Sports', 'Relaxation', 'Nightlife']",Experienced,"['Road Trips', 'Family-friendly', 'Eco-tourism', 'Relaxation', 'Budget', 'Adventure']",2,The Savoy,True,Neutral,Slightly,Neutral,Agree,Very,Clear,Version B,Version B,Version B,Version B,Version B,I have never heard of it before.,2025-01-25 10:50:29.836033,2025-01-25,10:50:29.836033,-1,-1,-1,-1,-1
715a45ba-bc43-4166-a9f0-67bb36a3253b,37,Male,Married,Yes,Indian,Kasaragod,No,No,,"['Movies/TV', 'Traveling', 'Music']","['Nature & Outdoors', 'History & Culture', 'Food & Cuisine', 'Local Experiences', 'Adventure Sports', 'Relaxation', 'Nightlife']",Experienced,"['Road Trips', 'Family-friendly', 'Eco-tourism', 'Relaxation', 'Budget', 'Adventure']",3,Jungfraujoch - Top of Europe,True,Agree,Very,Clear,Neutral,Moderately,Neutral,Version A,Version A,Version A,Version A,Version A,I have seen/heard about it online or from others.,2025-01-25 10:51:13.422963,2025-01-25,10:51:13.422963,1,1,1,1,1
715a45ba-bc43-4166-a9f0-67bb36a3253b,37,Male,Married,Yes,Indian,Kasaragod,No,No,,"['Movies/TV', 'Traveling', 'Music']","['Nature & Outdoors', 'History & Culture', 'Food & Cuisine', 'Local Experiences', 'Adventure Sports', 'Relaxation', 'Nightlife']",Experienced,"['Road Trips', 'Family-friendly', 'Eco-tourism', 'Relaxation', 'Budget', 'Adventure']",4,Neuschwanstein Castle,True,Neutral,Moderately,Neutral,Agree,Very,Clear,Version B,Version B,Both equally,Version B,Version B,I have seen/heard about it online or from others.,2025-01-25 10:51:50.330686,2025-01-25,10:51:50.330686,-1,-1,0,-1,-1
715a45ba-bc43-4166-a9f0-67bb36a3253b,37,Male,Married,Yes,Indian,Kasaragod,No,No,,"['Movies/TV', 'Traveling', 'Music']","['Nature & Outdoors', 'History & Culture', 'Food & Cuisine', 'Local Experiences', 'Adventure Sports', 'Relaxation', 'Nightlife']",Experienced,"['Road Trips', 'Family-friendly', 'Eco-tourism', 'Relaxation', 'Budget', 'Adventure']",5,Cologne Carnival,True,Neutral,Slightly,Neutral,Agree,Very,Clear,Version B,Version B,Version B,Version B,Version B,I have never heard of it before.,2025-01-25 10:52:23.760140,2025-01-25,10:52:23.760140,-1,-1,-1,-1,-1
715a45ba-bc43-4166-a9f0-67bb36a3253b,37,Male,Married,Yes,Indian,Kasaragod,No,No,,"['Movies/TV', 'Traveling', 'Music']","['Nature & Outdoors', 'History & Culture', 'Food & Cuisine', 'Local Experiences', 'Adventure Sports', 'Relaxation', 'Nightlife']",Experienced,"['Road Trips', 'Family-friendly', 'Eco-tourism', 'Relaxation', 'Budget', 'Adventure']",6,Cannstatter Volksfest,False,Agree,Very,Clear,Neutral,Moderately,Neutral,Version A,Version A,Version A,Version A,Version A,I have seen/heard about it online or from others.,2025-01-25 10:52:51.183827,2025-01-25,10:52:51.183827,1,1,1,1,1
715a45ba-bc43-4166-a9f0-67bb36a3253b,37,Male,Married,Yes,Indian,Kasaragod,No,No,,"['Movies/TV', 'Traveling', 'Music']","['Nature & Outdoors', 'History & Culture', 'Food & Cuisine', 'Local Experiences', 'Adventure Sports', 'Relaxation', 'Nightlife']",Experienced,"['Road Trips', 'Family-friendly', 'Eco-tourism', 'Relaxation', 'Budget', 'Adventure']",7,Colosseum,True,Agree,Very,Clear,Neutral,Moderately,Neutral,Version A,Version A,Version A,Version A,Version A,I have seen/heard about it online or from others.,2025-01-25 10:53:16.213275,2025-01-25,10:53:16.213275,1,1,1,1,1
715a45ba-bc43-4166-a9f0-67bb36a3253b,37,Male,Married,Yes,Indian,Kasaragod,No,No,,"['Movies/TV', 'Traveling', 'Music']","['Nature & Outdoors', 'History & Culture', 'Food & Cuisine', 'Local Experiences', 'Adventure Sports', 'Relaxation', 'Nightlife']",Experienced,"['Road Trips', 'Family-friendly', 'Eco-tourism', 'Relaxation', 'Budget', 'Adventure']",8,Louvre Museum,True,Neutral,Moderately,Neutral,Agree,Very,Clear,Version B,Both equally,Both equally,Version B,Version B,I have seen/heard about it online or from others.,2025-01-25 10:53:42.198533,2025-01-25,10:53:42.198533,-1,0,0,-1,-1
715a45ba-bc43-4166-a9f0-67bb36a3253b,37,Male,Married,Yes,Indian,Kasaragod,No,No,,"['Movies/TV', 'Traveling', 'Music']","['Nature & Outdoors', 'History & Culture', 'Food & Cuisine', 'Local Experiences', 'Adventure Sports', 'Relaxation', 'Nightlife']",Experienced,"['Road Trips', 'Family-friendly', 'Eco-tourism', 'Relaxation', 'Budget', 'Adventure']",9,Via del Corso,False,Neutral,Moderately,Neutral,Agree,Very,Clear,Version B,Version B,Version B,Both equally,Version B,I have never heard of it before.,2025-01-25 10:54:02.674360,2025-01-25,10:54:02.674360,-1,-1,-1,0,-1
715a45ba-bc43-4166-a9f0-67bb36a3253b,37,Male,Married,Yes,Indian,Kasaragod,No,No,,"['Movies/TV', 'Traveling', 'Music']","['Nature & Outdoors', 'History & Culture', 'Food & Cuisine', 'Local Experiences', 'Adventure Sports', 'Relaxation', 'Nightlife']",Experienced,"['Road Trips', 'Family-friendly', 'Eco-tourism', 'Relaxation', 'Budget', 'Adventure']",10,"Café Central, Vienna",True,Agree,Very,Clear,Neutral,Moderately,Neutral,Version A,Version A,Both equally,Version A,Version A,I have seen/heard about it online or from others.,2025-01-25 10:54:23.311356,2025-01-25,10:54:23.311356,1,1,0,1,1
8165223b-f0dd-484d-abaa-2889c32cb922,33,Male,Married,No,Indian,Bangalore,No,No,Engineer,"['Sports', 'Music', 'Reading', 'Traveling']","['History & Culture', 'Nature & Outdoors', 'Architecture', 'Art & Museums']",Experienced,"['Adventure', 'Family-friendly', 'Road Trips', 'Eco-tourism', 'Cultural']",1,Hotel Hassler Roma,True,Agree,Very,Clear,Agree,Very,Clear,Both equally,Both equally,Both equally,Both equally,Both equally,I have never heard of it before.,2025-01-25 17:05:04.218952,2025-01-25,17:05:04.218952,0,0,0,0,0
8165223b-f0dd-484d-abaa-2889c32cb922,33,Male,Married,No,Indian,Bangalore,No,No,Engineer,"['Sports', 'Music', 'Reading', 'Traveling']","['History & Culture', 'Nature & Outdoors', 'Architecture', 'Art & Museums']",Experienced,"['Adventure', 'Family-friendly', 'Road Trips', 'Eco-tourism', 'Cultural']",2,The Savoy,False,Agree,Very,Neutral,Agree,Very,Clear,Both equally,Version A,Version A,Both equally,Both equally,I have never heard of it before.,2025-01-25 17:05:55.869319,2025-01-25,17:05:55.869319,0,1,1,0,0
8165223b-f0dd-484d-abaa-2889c32cb922,33,Male,Married,No,Indian,Bangalore,No,No,Engineer,"['Sports', 'Music', 'Reading', 'Traveling']","['History & Culture', 'Nature & Outdoors', 'Architecture', 'Art & Museums']",Experienced,"['Adventure', 'Family-friendly', 'Road Trips', 'Eco-tourism', 'Cultural']",3,Jungfraujoch - Top of Europe,False,Agree,Very,Clear,Agree,Very,Clear,Both equally,Both equally,Both equally,Both equally,Both equally,I have never heard of it before.,2025-01-25 17:06:25.887066,2025-01-25,17:06:25.887066,0,0,0,0,0
8165223b-f0dd-484d-abaa-2889c32cb922,33,Male,Married,No,Indian,Bangalore,No,No,Engineer,"['Sports', 'Music', 'Reading', 'Traveling']","['History & Culture', 'Nature & Outdoors', 'Architecture', 'Art & Museums']",Experienced,"['Adventure', 'Family-friendly', 'Road Trips', 'Eco-tourism', 'Cultural']",4,Neuschwanstein Castle,True,Agree,Very,Clear,Agree,Very,Clear,Both equally,Version B,Both equally,Both equally,Both equally,I have never heard of it before.,2025-01-25 17:06:59.840077,2025-01-25,17:06:59.840077,0,-1,0,0,0
8165223b-f0dd-484d-abaa-2889c32cb922,33,Male,Married,No,Indian,Bangalore,No,No,Engineer,"['Sports', 'Music', 'Reading', 'Traveling']","['History & Culture', 'Nature & Outdoors', 'Architecture', 'Art & Museums']",Experienced,"['Adventure', 'Family-friendly', 'Road Trips', 'Eco-tourism', 'Cultural']",5,Cologne Carnival,True,Agree,Extremely,Clear,Agree,Extremely,Clear,Both equally,Both equally,Both equally,Both equally,Both equally,I have never heard of it before.,2025-01-25 17:07:23.351930,2025-01-25,17:07:23.351930,0,0,0,0,0
8165223b-f0dd-484d-abaa-2889c32cb922,33,Male,Married,No,Indian,Bangalore,No,No,Engineer,"['Sports', 'Music', 'Reading', 'Traveling']","['History & Culture', 'Nature & Outdoors', 'Architecture', 'Art & Museums']",Experienced,"['Adventure', 'Family-friendly', 'Road Trips', 'Eco-tourism', 'Cultural']",6,Cannstatter Volksfest,False,Strongly Agree,Very,Clear,Agree,Very,Clear,Both equally,Both equally,Both equally,Both equally,Both equally,I have never heard of it before.,2025-01-25 17:07:52.550148,2025-01-25,17:07:52.550148,0,0,0,0,0
8165223b-f0dd-484d-abaa-2889c32cb922,33,Male,Married,No,Indian,Bangalore,No,No,Engineer,"['Sports', 'Music', 'Reading', 'Traveling']","['History & Culture', 'Nature & Outdoors', 'Architecture', 'Art & Museums']",Experienced,"['Adventure', 'Family-friendly', 'Road Trips', 'Eco-tourism', 'Cultural']",7,Colosseum,False,Agree,Extremely,Clear,Agree,Very,Clear,Both equally,Both equally,Both equally,Both equally,Both equally,I have seen/heard about it online or from others.,2025-01-25 17:08:23.395649,2025-01-25,17:08:23.395649,0,0,0,0,0
8165223b-f0dd-484d-abaa-2889c32cb922,33,Male,Married,No,Indian,Bangalore,No,No,Engineer,"['Sports', 'Music', 'Reading', 'Traveling']","['History & Culture', 'Nature & Outdoors', 'Architecture', 'Art & Museums']",Experienced,"['Adventure', 'Family-friendly', 'Road Trips', 'Eco-tourism', 'Cultural']",8,Louvre Museum,True,Agree,Extremely,Clear,Agree,Very,Neutral,Version B,Both equally,Both equally,Both equally,Both equally,I have seen/heard about it online or from others.,2025-01-25 17:08:59.191890,2025-01-25,17:08:59.191890,-1,0,0,0,0
8165223b-f0dd-484d-abaa-2889c32cb922,33,Male,Married,No,Indian,Bangalore,No,No,Engineer,"['Sports', 'Music', 'Reading', 'Traveling']","['History & Culture', 'Nature & Outdoors', 'Architecture', 'Art & Museums']",Experienced,"['Adventure', 'Family-friendly', 'Road Trips', 'Eco-tourism', 'Cultural']",9,Via del Corso,True,Agree,Very,Clear,Agree,Very,Clear,Version B,Version B,Version B,Version B,Version B,I have seen/heard about it online or from others.,2025-01-25 17:09:39.257111,2025-01-25,17:09:39.257111,-1,-1,-1,-1,-1
8165223b-f0dd-484d-abaa-2889c32cb922,33,Male,Married,No,Indian,Bangalore,No,No,Engineer,"['Sports', 'Music', 'Reading', 'Traveling']","['History & Culture', 'Nature & Outdoors', 'Architecture', 'Art & Museums']",Experienced,"['Adventure', 'Family-friendly', 'Road Trips', 'Eco-tourism', 'Cultural']",10,"Café Central, Vienna",False,Agree,Very,Clear,Agree,Extremely,Neutral,Version B,Both equally,Version B,Version A,Both equally,I have seen/heard about it online or from others.,2025-01-25 17:10:07.283551,2025-01-25,17:10:07.283551,-1,0,-1,1,0
d8f45ef2-29a8-44d8-90e8-44197e075761,35,Male,Married,No,Indian,Bangalore,No,No,Engineer,"['Music', 'Traveling', 'Fashion']","['Festivals', 'History & Culture', 'Religious Sites', 'Nightlife', 'Nature & Outdoors']",Intermediate,"['Backpacking', 'Road Trips', 'Adventure']",1,Hotel Hassler Roma,True,Neutral,Moderately,Clear,Agree,Moderately,Clear,Version A,Version A,Version A,Version A,Version A,I have never heard of it before.,2025-01-25 18:43:58.477254,2025-01-25,18:43:58.477254,1,1,1,1,1
d8f45ef2-29a8-44d8-90e8-44197e075761,35,Male,Married,No,Indian,Bangalore,No,No,Engineer,"['Music', 'Traveling', 'Fashion']","['Festivals', 'History & Culture', 'Religious Sites', 'Nightlife', 'Nature & Outdoors']",Intermediate,"['Backpacking', 'Road Trips', 'Adventure']",2,The Savoy,True,Neutral,Moderately,Neutral,Neutral,Moderately,Neutral,Version B,Version B,Version B,Version B,Version B,I have never heard of it before.,2025-01-25 18:44:48.025633,2025-01-25,18:44:48.025633,-1,-1,-1,-1,-1
d8f45ef2-29a8-44d8-90e8-44197e075761,35,Male,Married,No,Indian,Bangalore,No,No,Engineer,"['Music', 'Traveling', 'Fashion']","['Festivals', 'History & Culture', 'Religious Sites', 'Nightlife', 'Nature & Outdoors']",Intermediate,"['Backpacking', 'Road Trips', 'Adventure']",3,Jungfraujoch - Top of Europe,True,Neutral,Moderately,Neutral,Neutral,Moderately,Neutral,Version A,Version A,Version A,Version A,Version A,I have never heard of it before.,2025-01-25 18:45:06.261116,2025-01-25,18:45:06.261116,1,1,1,1,1
d8f45ef2-29a8-44d8-90e8-44197e075761,35,Male,Married,No,Indian,Bangalore,No,No,Engineer,"['Music', 'Traveling', 'Fashion']","['Festivals', 'History & Culture', 'Religious Sites', 'Nightlife', 'Nature & Outdoors']",Intermediate,"['Backpacking', 'Road Trips', 'Adventure']",4,Neuschwanstein Castle,True,Neutral,Moderately,Neutral,Neutral,Moderately,Neutral,Version B,Version B,Version B,Version B,Version B,I have never heard of it before.,2025-01-25 18:45:23.047094,2025-01-25,18:45:23.047094,-1,-1,-1,-1,-1
d8f45ef2-29a8-44d8-90e8-44197e075761,35,Male,Married,No,Indian,Bangalore,No,No,Engineer,"['Music', 'Traveling', 'Fashion']","['Festivals', 'History & Culture', 'Religious Sites', 'Nightlife', 'Nature & Outdoors']",Intermediate,"['Backpacking', 'Road Trips', 'Adventure']",5,Cologne Carnival,True,Neutral,Moderately,Neutral,Neutral,Moderately,Neutral,Version A,Version A,Version A,Version A,Version A,I have never heard of it before.,2025-01-25 18:45:40.373222,2025-01-25,18:45:40.373222,1,1,1,1,1
d8f45ef2-29a8-44d8-90e8-44197e075761,35,Male,Married,No,Indian,Bangalore,No,No,Engineer,"['Music', 'Traveling', 'Fashion']","['Festivals', 'History & Culture', 'Religious Sites', 'Nightlife', 'Nature & Outdoors']",Intermediate,"['Backpacking', 'Road Trips', 'Adventure']",6,Cannstatter Volksfest,True,Neutral,Moderately,Neutral,Neutral,Moderately,Neutral,Both equally,Both equally,Both equally,Both equally,Both equally,I have never heard of it before.,2025-01-25 18:45:58.773937,2025-01-25,18:45:58.773937,0,0,0,0,0
d8f45ef2-29a8-44d8-90e8-44197e075761,35,Male,Married,No,Indian,Bangalore,No,No,Engineer,"['Music', 'Traveling', 'Fashion']","['Festivals', 'History & Culture', 'Religious Sites', 'Nightlife', 'Nature & Outdoors']",Intermediate,"['Backpacking', 'Road Trips', 'Adventure']",7,Colosseum,False,Neutral,Moderately,Neutral,Neutral,Moderately,Neutral,Both equally,Both equally,Both equally,Both equally,Both equally,I have never heard of it before.,2025-01-25 18:46:17.891994,2025-01-25,18:46:17.891994,0,0,0,0,0
d8f45ef2-29a8-44d8-90e8-44197e075761,35,Male,Married,No,Indian,Bangalore,No,No,Engineer,"['Music', 'Traveling', 'Fashion']","['Festivals', 'History & Culture', 'Religious Sites', 'Nightlife', 'Nature & Outdoors']",Intermediate,"['Backpacking', 'Road Trips', 'Adventure']",8,Louvre Museum,True,Neutral,Moderately,Neutral,Neutral,Moderately,Neutral,Version A,Version A,Version A,Version A,Version A,I have never heard of it before.,2025-01-25 18:46:34.735605,2025-01-25,18:46:34.735605,1,1,1,1,1
d8f45ef2-29a8-44d8-90e8-44197e075761,35,Male,Married,No,Indian,Bangalore,No,No,Engineer,"['Music', 'Traveling', 'Fashion']","['Festivals', 'History & Culture', 'Religious Sites', 'Nightlife', 'Nature & Outdoors']",Intermediate,"['Backpacking', 'Road Trips', 'Adventure']",9,Via del Corso,False,Neutral,Moderately,Neutral,Neutral,Moderately,Neutral,Both equally,Both equally,Both equally,Both equally,Both equally,I have never heard of it before.,2025-01-25 18:46:48.349917,2025-01-25,18:46:48.349917,0,0,0,0,0
d8f45ef2-29a8-44d8-90e8-44197e075761,35,Male,Married,No,Indian,Bangalore,No,No,Engineer,"['Music', 'Traveling', 'Fashion']","['Festivals', 'History & Culture', 'Religious Sites', 'Nightlife', 'Nature & Outdoors']",Intermediate,"['Backpacking', 'Road Trips', 'Adventure']",10,"Café Central, Vienna",False,Neutral,Moderately,Neutral,Neutral,Moderately,Neutral,Both equally,Both equally,Both equally,Both equally,Both equally,I have never heard of it before.,2025-01-25 18:47:02.495668,2025-01-25,18:47:02.495668,0,0,0,0,0
61f9d9cc-b53f-435a-9c0b-58ddf5204d48,37,Male,Married,Yes,Indian,Toronto ,No,No,Self-employed,"['Music', 'Traveling', 'Movies/TV', 'Fitness']","['Nature & Outdoors', 'History & Culture', 'Family Activities', 'Local Experiences', 'Nightlife']",Experienced,"['Solo', 'Budget', 'Luxury', 'Road Trips', 'Backpacking', 'Relaxation']",1,Hotel Hassler Roma,True,Neutral,Slightly,Neutral,Agree,Moderately,Clear,Version B,Version B,Version B,Version B,Version B,I have never heard of it before.,2025-01-25 17:22:41.965185,2025-01-25,17:22:41.965185,-1,-1,-1,-1,-1
61f9d9cc-b53f-435a-9c0b-58ddf5204d48,37,Male,Married,Yes,Indian,Toronto ,No,No,Self-employed,"['Music', 'Traveling', 'Movies/TV', 'Fitness']","['Nature & Outdoors', 'History & Culture', 'Family Activities', 'Local Experiences', 'Nightlife']",Experienced,"['Solo', 'Budget', 'Luxury', 'Road Trips', 'Backpacking', 'Relaxation']",2,The Savoy,True,Neutral,Moderately,Clear,Agree,Very,Neutral,Version A,Version B,Version B,Version B,Version B,I have never heard of it before.,2025-01-25 17:24:12.317601,2025-01-25,17:24:12.317601,1,-1,-1,-1,-1
61f9d9cc-b53f-435a-9c0b-58ddf5204d48,37,Male,Married,Yes,Indian,Toronto ,No,No,Self-employed,"['Music', 'Traveling', 'Movies/TV', 'Fitness']","['Nature & Outdoors', 'History & Culture', 'Family Activities', 'Local Experiences', 'Nightlife']",Experienced,"['Solo', 'Budget', 'Luxury', 'Road Trips', 'Backpacking', 'Relaxation']",3,Jungfraujoch - Top of Europe,False,Neutral,Moderately,Neutral,Agree,Very,Clear,Version B,Version B,Version B,Version B,Version B,I have never heard of it before.,2025-01-25 17:25:39.476527,2025-01-25,17:25:39.476527,-1,-1,-1,-1,-1
61f9d9cc-b53f-435a-9c0b-58ddf5204d48,37,Male,Married,Yes,Indian,Toronto ,No,No,Self-employed,"['Music', 'Traveling', 'Movies/TV', 'Fitness']","['Nature & Outdoors', 'History & Culture', 'Family Activities', 'Local Experiences', 'Nightlife']",Experienced,"['Solo', 'Budget', 'Luxury', 'Road Trips', 'Backpacking', 'Relaxation']",4,Neuschwanstein Castle,True,Agree,Moderately,Clear,Neutral,Moderately,Neutral,Version A,Version A,Version A,Version A,Version A,I have seen/heard about it online or from others.,2025-01-25 17:26:33.065435,2025-01-25,17:26:33.065435,1,1,1,1,1
61f9d9cc-b53f-435a-9c0b-58ddf5204d48,37,Male,Married,Yes,Indian,Toronto ,No,No,Self-employed,"['Music', 'Traveling', 'Movies/TV', 'Fitness']","['Nature & Outdoors', 'History & Culture', 'Family Activities', 'Local Experiences', 'Nightlife']",Experienced,"['Solo', 'Budget', 'Luxury', 'Road Trips', 'Backpacking', 'Relaxation']",5,Cologne Carnival,False,Agree,Very,Clear,Neutral,Very,Clear,Both equally,Both equally,Both equally,Both equally,Both equally,I have seen/heard about it online or from others.,2025-01-25 17:27:26.845019,2025-01-25,17:27:26.845019,0,0,0,0,0
61f9d9cc-b53f-435a-9c0b-58ddf5204d48,37,Male,Married,Yes,Indian,Toronto ,No,No,Self-employed,"['Music', 'Traveling', 'Movies/TV', 'Fitness']","['Nature & Outdoors', 'History & Culture', 'Family Activities', 'Local Experiences', 'Nightlife']",Experienced,"['Solo', 'Budget', 'Luxury', 'Road Trips', 'Backpacking', 'Relaxation']",6,Cannstatter Volksfest,False,Agree,Moderately,Neutral,Agree,Very,Clear,Version B,Version B,Version B,Version B,Version B,I have never heard of it before.,2025-01-25 17:28:13.929058,2025-01-25,17:28:13.929058,-1,-1,-1,-1,-1
61f9d9cc-b53f-435a-9c0b-58ddf5204d48,37,Male,Married,Yes,Indian,Toronto ,No,No,Self-employed,"['Music', 'Traveling', 'Movies/TV', 'Fitness']","['Nature & Outdoors', 'History & Culture', 'Family Activities', 'Local Experiences', 'Nightlife']",Experienced,"['Solo', 'Budget', 'Luxury', 'Road Trips', 'Backpacking', 'Relaxation']",7,Colosseum,False,Agree,Moderately,Clear,Agree,Very,Clear,Version B,Version B,Version B,Version B,Version B,I have seen/heard about it online or from others.,2025-01-25 17:29:22.047577,2025-01-25,17:29:22.047577,-1,-1,-1,-1,-1
61f9d9cc-b53f-435a-9c0b-58ddf5204d48,37,Male,Married,Yes,Indian,Toronto ,No,No,Self-employed,"['Music', 'Traveling', 'Movies/TV', 'Fitness']","['Nature & Outdoors', 'History & Culture', 'Family Activities', 'Local Experiences', 'Nightlife']",Experienced,"['Solo', 'Budget', 'Luxury', 'Road Trips', 'Backpacking', 'Relaxation']",8,Louvre Museum,True,Neutral,Moderately,Neutral,Agree,Very,Clear,Version B,Version B,Version B,Version B,Version B,I have seen/heard about it online or from others.,2025-01-25 17:30:21.908440,2025-01-25,17:30:21.908440,-1,-1,-1,-1,-1
61f9d9cc-b53f-435a-9c0b-58ddf5204d48,37,Male,Married,Yes,Indian,Toronto ,No,No,Self-employed,"['Music', 'Traveling', 'Movies/TV', 'Fitness']","['Nature & Outdoors', 'History & Culture', 'Family Activities', 'Local Experiences', 'Nightlife']",Experienced,"['Solo', 'Budget', 'Luxury', 'Road Trips', 'Backpacking', 'Relaxation']",9,Via del Corso,True,Neutral,Moderately,Clear,Agree,Very,Clear,Version B,Version B,Version B,Version B,Version B,I have never heard of it before.,2025-01-25 17:31:31.862420,2025-01-25,17:31:31.862420,-1,-1,-1,-1,-1
61f9d9cc-b53f-435a-9c0b-58ddf5204d48,37,Male,Married,Yes,Indian,Toronto ,No,No,Self-employed,"['Music', 'Traveling', 'Movies/TV', 'Fitness']","['Nature & Outdoors', 'History & Culture', 'Family Activities', 'Local Experiences', 'Nightlife']",Experienced,"['Solo', 'Budget', 'Luxury', 'Road Trips', 'Backpacking', 'Relaxation']",10,"Café Central, Vienna",False,Neutral,Very,Clear,Agree,Very,Clear,Version B,Version B,Version B,Version B,Version B,I have never heard of it before.,2025-01-25 17:32:29.432228,2025-01-25,17:32:29.432228,-1,-1,-1,-1,-1
01f04fac-dd98-42eb-bc5a-ef26d5e16981,39,Male,Married,Yes,Indian,Noida,No,No,Engineer,"['Technology', 'Reading', 'Music']","['Food & Cuisine', 'Nature & Outdoors', 'History & Culture']",Beginner,"['Family-friendly', 'Budget', 'Road Trips', 'Eco-tourism']",1,Hotel Hassler Roma,True,Agree,Very,Clear,Agree,Very,Clear,Both equally,Both equally,Version A,Version B,Version B,I have never heard of it before.,2025-01-27 17:17:01.313502,2025-01-27,17:17:01.313502,0,0,1,-1,-1
01f04fac-dd98-42eb-bc5a-ef26d5e16981,39,Male,Married,Yes,Indian,Noida,No,No,Engineer,"['Technology', 'Reading', 'Music']","['Food & Cuisine', 'Nature & Outdoors', 'History & Culture']",Beginner,"['Family-friendly', 'Budget', 'Road Trips', 'Eco-tourism']",2,The Savoy,False,Agree,Very,Clear,Agree,Very,Clear,Both equally,Both equally,Both equally,Version A,Both equally,I have never heard of it before.,2025-01-27 17:18:31.034910,2025-01-27,17:18:31.034910,0,0,0,1,0
01f04fac-dd98-42eb-bc5a-ef26d5e16981,39,Male,Married,Yes,Indian,Noida,No,No,Engineer,"['Technology', 'Reading', 'Music']","['Food & Cuisine', 'Nature & Outdoors', 'History & Culture']",Beginner,"['Family-friendly', 'Budget', 'Road Trips', 'Eco-tourism']",3,Jungfraujoch - Top of Europe,True,Agree,Very,Clear,Agree,Very,Clear,Version A,Version B,Version A,Version A,Version A,I have never heard of it before.,2025-01-27 17:19:01.340778,2025-01-27,17:19:01.340778,1,-1,1,1,1
01f04fac-dd98-42eb-bc5a-ef26d5e16981,39,Male,Married,Yes,Indian,Noida,No,No,Engineer,"['Technology', 'Reading', 'Music']","['Food & Cuisine', 'Nature & Outdoors', 'History & Culture']",Beginner,"['Family-friendly', 'Budget', 'Road Trips', 'Eco-tourism']",4,Neuschwanstein Castle,True,Agree,Very,Clear,Agree,Very,Clear,Version A,Version A,Version A,Version A,Version A,I have never heard of it before.,2025-01-27 17:19:25.791082,2025-01-27,17:19:25.791082,1,1,1,1,1
01f04fac-dd98-42eb-bc5a-ef26d5e16981,39,Male,Married,Yes,Indian,Noida,No,No,Engineer,"['Technology', 'Reading', 'Music']","['Food & Cuisine', 'Nature & Outdoors', 'History & Culture']",Beginner,"['Family-friendly', 'Budget', 'Road Trips', 'Eco-tourism']",5,Cologne Carnival,False,Agree,Very,Clear,Agree,Very,Clear,Version A,Version A,Version A,Version A,Version A,I have seen/heard about it online or from others.,2025-01-27 17:19:59.533409,2025-01-27,17:19:59.533409,1,1,1,1,1
01f04fac-dd98-42eb-bc5a-ef26d5e16981,39,Male,Married,Yes,Indian,Noida,No,No,Engineer,"['Technology', 'Reading', 'Music']","['Food & Cuisine', 'Nature & Outdoors', 'History & Culture']",Beginner,"['Family-friendly', 'Budget', 'Road Trips', 'Eco-tourism']",6,Cannstatter Volksfest,False,Agree,Very,Clear,Agree,Very,Clear,Version B,Version B,Version B,Version B,Version B,I have seen/heard about it online or from others.,2025-01-27 17:20:28.299936,2025-01-27,17:20:28.299936,-1,-1,-1,-1,-1
01f04fac-dd98-42eb-bc5a-ef26d5e16981,39,Male,Married,Yes,Indian,Noida,No,No,Engineer,"['Technology', 'Reading', 'Music']","['Food & Cuisine', 'Nature & Outdoors', 'History & Culture']",Beginner,"['Family-friendly', 'Budget', 'Road Trips', 'Eco-tourism']",7,Colosseum,False,Agree,Very,Clear,Agree,Very,Clear,Version A,Version A,Version A,Version A,Version A,I have seen/heard about it online or from others.,2025-01-27 17:21:03.116259,2025-01-27,17:21:03.116259,1,1,1,1,1
01f04fac-dd98-42eb-bc5a-ef26d5e16981,39,Male,Married,Yes,Indian,Noida,No,No,Engineer,"['Technology', 'Reading', 'Music']","['Food & Cuisine', 'Nature & Outdoors', 'History & Culture']",Beginner,"['Family-friendly', 'Budget', 'Road Trips', 'Eco-tourism']",8,Louvre Museum,True,Agree,Very,Clear,Agree,Very,Clear,Version A,Version A,Version A,Version A,Version A,I have seen/heard about it online or from others.,2025-01-27 17:21:27.848032,2025-01-27,17:21:27.848032,1,1,1,1,1
01f04fac-dd98-42eb-bc5a-ef26d5e16981,39,Male,Married,Yes,Indian,Noida,No,No,Engineer,"['Technology', 'Reading', 'Music']","['Food & Cuisine', 'Nature & Outdoors', 'History & Culture']",Beginner,"['Family-friendly', 'Budget', 'Road Trips', 'Eco-tourism']",9,Via del Corso,False,Agree,Very,Clear,Agree,Very,Clear,Version A,Version B,Version B,Version A,Version A,I have never heard of it before.,2025-01-27 17:21:52.593065,2025-01-27,17:21:52.593065,1,-1,-1,1,1
01f04fac-dd98-42eb-bc5a-ef26d5e16981,39,Male,Married,Yes,Indian,Noida,No,No,Engineer,"['Technology', 'Reading', 'Music']","['Food & Cuisine', 'Nature & Outdoors', 'History & Culture']",Beginner,"['Family-friendly', 'Budget', 'Road Trips', 'Eco-tourism']",10,"Café Central, Vienna",False,Agree,Very,Clear,Agree,Very,Clear,Both equally,Both equally,Both equally,Both equally,Both equally,I have seen/heard about it online or from others.,2025-01-27 17:22:20.583125,2025-01-27,17:22:20.583125,0,0,0,0,0
f61e3cbb-ca2c-4b1e-8d0d-e111e0a66573,28,Female,Married,No,Indian,Kochi,No,No,Government/Public Service,"['Dancing', 'Traveling', 'Fashion']","['Relaxation', 'Adventure Sports', 'Food & Cuisine']",Experienced,"['Relaxation', 'Adventure', 'Road Trips']",1,Hotel Hassler Roma,True,Strongly Agree,Moderately,Neutral,Agree,Very,Clear,Version B,Version B,Version B,Version B,Version B,I have seen/heard about it online or from others.,2025-01-25 13:11:48.415311,2025-01-25,13:11:48.415311,-1,-1,-1,-1,-1
f61e3cbb-ca2c-4b1e-8d0d-e111e0a66573,28,Female,Married,No,Indian,Kochi,No,No,Government/Public Service,"['Dancing', 'Traveling', 'Fashion']","['Relaxation', 'Adventure Sports', 'Food & Cuisine']",Experienced,"['Relaxation', 'Adventure', 'Road Trips']",2,The Savoy,True,Strongly Agree,Extremely,Very Clear,Agree,Extremely,Very Clear,Version B,Version B,Version B,Version B,Version B,I have seen/heard about it online or from others.,2025-01-25 13:12:23.461587,2025-01-25,13:12:23.461587,-1,-1,-1,-1,-1
f61e3cbb-ca2c-4b1e-8d0d-e111e0a66573,28,Female,Married,No,Indian,Kochi,No,No,Government/Public Service,"['Dancing', 'Traveling', 'Fashion']","['Relaxation', 'Adventure Sports', 'Food & Cuisine']",Experienced,"['Relaxation', 'Adventure', 'Road Trips']",3,Jungfraujoch - Top of Europe,False,Strongly Agree,Very,Clear,Agree,Very,Clear,Version A,Version A,Version A,Version A,Version A,I have seen/heard about it online or from others.,2025-01-25 13:12:49.379113,2025-01-25,13:12:49.379113,1,1,1,1,1
f61e3cbb-ca2c-4b1e-8d0d-e111e0a66573,28,Female,Married,No,Indian,Kochi,No,No,Government/Public Service,"['Dancing', 'Traveling', 'Fashion']","['Relaxation', 'Adventure Sports', 'Food & Cuisine']",Experienced,"['Relaxation', 'Adventure', 'Road Trips']",4,Neuschwanstein Castle,False,Agree,Very,Clear,Agree,Very,Clear,Version A,Version A,Version A,Version A,Version A,I have seen/heard about it online or from others.,2025-01-25 13:13:04.044133,2025-01-25,13:13:04.044133,1,1,1,1,1
f61e3cbb-ca2c-4b1e-8d0d-e111e0a66573,28,Female,Married,No,Indian,Kochi,No,No,Government/Public Service,"['Dancing', 'Traveling', 'Fashion']","['Relaxation', 'Adventure Sports', 'Food & Cuisine']",Experienced,"['Relaxation', 'Adventure', 'Road Trips']",5,Cologne Carnival,False,Strongly Agree,Very,Clear,Agree,Very,Clear,Version B,Version B,Version B,Version B,Version B,I have never heard of it before.,2025-01-25 13:13:20.880100,2025-01-25,13:13:20.880100,-1,-1,-1,-1,-1
f61e3cbb-ca2c-4b1e-8d0d-e111e0a66573,28,Female,Married,No,Indian,Kochi,No,No,Government/Public Service,"['Dancing', 'Traveling', 'Fashion']","['Relaxation', 'Adventure Sports', 'Food & Cuisine']",Experienced,"['Relaxation', 'Adventure', 'Road Trips']",6,Cannstatter Volksfest,True,Strongly Disagree,Very,Clear,Strongly Disagree,Very,Clear,Version A,Version A,Version A,Version A,Version A,I have never heard of it before.,2025-01-25 13:13:37.102106,2025-01-25,13:13:37.102106,1,1,1,1,1
f61e3cbb-ca2c-4b1e-8d0d-e111e0a66573,28,Female,Married,No,Indian,Kochi,No,No,Government/Public Service,"['Dancing', 'Traveling', 'Fashion']","['Relaxation', 'Adventure Sports', 'Food & Cuisine']",Experienced,"['Relaxation', 'Adventure', 'Road Trips']",7,Colosseum,True,Agree,Very,Clear,Agree,Very,Clear,Version A,Version A,Version A,Version A,Version A,I have visited it in person.,2025-01-25 13:13:51.926788,2025-01-25,13:13:51.926788,1,1,1,1,1
f61e3cbb-ca2c-4b1e-8d0d-e111e0a66573,28,Female,Married,No,Indian,Kochi,No,No,Government/Public Service,"['Dancing', 'Traveling', 'Fashion']","['Relaxation', 'Adventure Sports', 'Food & Cuisine']",Experienced,"['Relaxation', 'Adventure', 'Road Trips']",8,Louvre Museum,False,Strongly Disagree,Very,Clear,Agree,Very,Clear,Version A,Version A,Version A,Version A,Version A,I have never heard of it before.,2025-01-25 13:14:14.265885,2025-01-25,13:14:14.265885,1,1,1,1,1
f61e3cbb-ca2c-4b1e-8d0d-e111e0a66573,28,Female,Married,No,Indian,Kochi,No,No,Government/Public Service,"['Dancing', 'Traveling', 'Fashion']","['Relaxation', 'Adventure Sports', 'Food & Cuisine']",Experienced,"['Relaxation', 'Adventure', 'Road Trips']",9,Via del Corso,False,Agree,Very,Clear,Agree,Very,Clear,Version A,Version A,Version A,Version A,Version A,I have never heard of it before.,2025-01-25 13:14:28.706032,2025-01-25,13:14:28.706032,1,1,1,1,1
f61e3cbb-ca2c-4b1e-8d0d-e111e0a66573,28,Female,Married,No,Indian,Kochi,No,No,Government/Public Service,"['Dancing', 'Traveling', 'Fashion']","['Relaxation', 'Adventure Sports', 'Food & Cuisine']",Experienced,"['Relaxation', 'Adventure', 'Road Trips']",10,"Café Central, Vienna",True,Agree,Not at all,Clear,Agree,Very,Clear,Version A,Version A,Version A,Version A,Version A,I have never heard of it before.,2025-01-25 13:14:46.872192,2025-01-25,13:14:46.872192,1,1,1,1,1
a66a05d6-7cb6-462a-80cf-849c7128e461,38,Male,Married,Yes,Indian,Yamunagar,No,No,Student,"['Sports', 'Gaming', 'Cooking']","['Local Experiences', 'Food & Cuisine', 'Adventure Sports']",Intermediate,"['Cultural', 'Relaxation', 'Solo']",1,Hotel Hassler Roma,False,Agree,Slightly,Unclear,Neutral,Slightly,Neutral,Both equally,Both equally,Both equally,Both equally,Both equally,I have never heard of it before.,2025-01-25 17:41:11.733334,2025-01-25,17:41:11.733334,0,0,0,0,0
a66a05d6-7cb6-462a-80cf-849c7128e461,38,Male,Married,Yes,Indian,Yamunagar,No,No,Student,"['Sports', 'Gaming', 'Cooking']","['Local Experiences', 'Food & Cuisine', 'Adventure Sports']",Intermediate,"['Cultural', 'Relaxation', 'Solo']",2,The Savoy,False,Neutral,Slightly,Neutral,Neutral,Slightly,Neutral,Both equally,Both equally,Both equally,Both equally,Both equally,I have never heard of it before.,2025-01-25 17:41:37.757193,2025-01-25,17:41:37.757193,0,0,0,0,0
a66a05d6-7cb6-462a-80cf-849c7128e461,38,Male,Married,Yes,Indian,Yamunagar,No,No,Student,"['Sports', 'Gaming', 'Cooking']","['Local Experiences', 'Food & Cuisine', 'Adventure Sports']",Intermediate,"['Cultural', 'Relaxation', 'Solo']",3,Jungfraujoch - Top of Europe,False,Neutral,Slightly,Neutral,Neutral,Slightly,Neutral,Both equally,Both equally,Both equally,Both equally,Both equally,I have never heard of it before.,2025-01-25 17:42:13.337384,2025-01-25,17:42:13.337384,0,0,0,0,0
a66a05d6-7cb6-462a-80cf-849c7128e461,38,Male,Married,Yes,Indian,Yamunagar,No,No,Student,"['Sports', 'Gaming', 'Cooking']","['Local Experiences', 'Food & Cuisine', 'Adventure Sports']",Intermediate,"['Cultural', 'Relaxation', 'Solo']",4,Neuschwanstein Castle,False,Neutral,Slightly,Neutral,Neutral,Slightly,Neutral,Both equally,Both equally,Both equally,Both equally,Both equally,I have never heard of it before.,2025-01-25 17:42:36.825778,2025-01-25,17:42:36.825778,0,0,0,0,0
a66a05d6-7cb6-462a-80cf-849c7128e461,38,Male,Married,Yes,Indian,Yamunagar,No,No,Student,"['Sports', 'Gaming', 'Cooking']","['Local Experiences', 'Food & Cuisine', 'Adventure Sports']",Intermediate,"['Cultural', 'Relaxation', 'Solo']",5,Cologne Carnival,True,Neutral,Slightly,Neutral,Neutral,Slightly,Neutral,Both equally,Both equally,Both equally,Both equally,Both equally,I have never heard of it before.,2025-01-25 17:42:59.079453,2025-01-25,17:42:59.079453,0,0,0,0,0
a66a05d6-7cb6-462a-80cf-849c7128e461,38,Male,Married,Yes,Indian,Yamunagar,No,No,Student,"['Sports', 'Gaming', 'Cooking']","['Local Experiences', 'Food & Cuisine', 'Adventure Sports']",Intermediate,"['Cultural', 'Relaxation', 'Solo']",6,Cannstatter Volksfest,True,Neutral,Slightly,Neutral,Neutral,Slightly,Neutral,Both equally,Both equally,Both equally,Both equally,Both equally,I have never heard of it before.,2025-01-25 17:43:21.573170,2025-01-25,17:43:21.573170,0,0,0,0,0
a66a05d6-7cb6-462a-80cf-849c7128e461,38,Male,Married,Yes,Indian,Yamunagar,No,No,Student,"['Sports', 'Gaming', 'Cooking']","['Local Experiences', 'Food & Cuisine', 'Adventure Sports']",Intermediate,"['Cultural', 'Relaxation', 'Solo']",7,Colosseum,True,Neutral,Slightly,Neutral,Neutral,Slightly,Neutral,Both equally,Both equally,Both equally,Both equally,Both equally,I have never heard of it before.,2025-01-25 17:43:44.368727,2025-01-25,17:43:44.368727,0,0,0,0,0
a66a05d6-7cb6-462a-80cf-849c7128e461,38,Male,Married,Yes,Indian,Yamunagar,No,No,Student,"['Sports', 'Gaming', 'Cooking']","['Local Experiences', 'Food & Cuisine', 'Adventure Sports']",Intermediate,"['Cultural', 'Relaxation', 'Solo']",8,Louvre Museum,True,Neutral,Slightly,Neutral,Neutral,Slightly,Neutral,Both equally,Both equally,Both equally,Both equally,Both equally,I have never heard of it before.,2025-01-25 17:44:03.804989,2025-01-25,17:44:03.804989,0,0,0,0,0
a66a05d6-7cb6-462a-80cf-849c7128e461,38,Male,Married,Yes,Indian,Yamunagar,No,No,Student,"['Sports', 'Gaming', 'Cooking']","['Local Experiences', 'Food & Cuisine', 'Adventure Sports']",Intermediate,"['Cultural', 'Relaxation', 'Solo']",9,Via del Corso,False,Neutral,Slightly,Neutral,Neutral,Slightly,Neutral,Both equally,Both equally,Both equally,Both equally,Both equally,I have never heard of it before.,2025-01-25 17:44:41.965833,2025-01-25,17:44:41.965833,0,0,0,0,0
a66a05d6-7cb6-462a-80cf-849c7128e461,38,Male,Married,Yes,Indian,Yamunagar,No,No,Student,"['Sports', 'Gaming', 'Cooking']","['Local Experiences', 'Food & Cuisine', 'Adventure Sports']",Intermediate,"['Cultural', 'Relaxation', 'Solo']",10,"Café Central, Vienna",False,Neutral,Slightly,Neutral,Neutral,Slightly,Neutral,Both equally,Both equally,Both equally,Both equally,Both equally,I have never heard of it before.,2025-01-25 17:45:21.776491,2025-01-25,17:45:21.776491,0,0,0,0,0
63dec08d-275c-4289-9f39-ad6fb74e0b31,37,Male,Married,Yes,Indian,Fürth,No,No,Doctor/Healthcare,"['Reading', 'Technology', 'Traveling']","['History & Culture', 'Architecture', 'Family Activities', 'Local Experiences']",Intermediate,"['Family-friendly', 'Cultural', 'Adventure']",1,Hotel Hassler Roma,False,Disagree,Slightly,Unclear,Strongly Disagree,Extremely,Very Unclear,Version B,Version B,Version B,Version A,Version B,I have visited it in person.,2025-01-27 22:15:52.188704,2025-01-27,22:15:52.188704,-1,-1,-1,1,-1
63dec08d-275c-4289-9f39-ad6fb74e0b31,37,Male,Married,Yes,Indian,Fürth,No,No,Doctor/Healthcare,"['Reading', 'Technology', 'Traveling']","['History & Culture', 'Architecture', 'Family Activities', 'Local Experiences']",Intermediate,"['Family-friendly', 'Cultural', 'Adventure']",2,The Savoy,False,Agree,Moderately,Unclear,Strongly Disagree,Extremely,Very Clear,Version B,Version B,Version B,Version B,Version B,I have seen/heard about it online or from others.,2025-01-27 22:16:56.130825,2025-01-27,22:16:56.130825,-1,-1,-1,-1,-1
63dec08d-275c-4289-9f39-ad6fb74e0b31,37,Male,Married,Yes,Indian,Fürth,No,No,Doctor/Healthcare,"['Reading', 'Technology', 'Traveling']","['History & Culture', 'Architecture', 'Family Activities', 'Local Experiences']",Intermediate,"['Family-friendly', 'Cultural', 'Adventure']",3,Jungfraujoch - Top of Europe,True,Strongly Disagree,Extremely,Very Clear,Disagree,Slightly,Unclear,Version A,Version A,Version A,Version A,Version A,I have visited it in person.,2025-01-27 22:17:38.143124,2025-01-27,22:17:38.143124,1,1,1,1,1
63dec08d-275c-4289-9f39-ad6fb74e0b31,37,Male,Married,Yes,Indian,Fürth,No,No,Doctor/Healthcare,"['Reading', 'Technology', 'Traveling']","['History & Culture', 'Architecture', 'Family Activities', 'Local Experiences']",Intermediate,"['Family-friendly', 'Cultural', 'Adventure']",4,Neuschwanstein Castle,False,Agree,Moderately,Neutral,Strongly Agree,Extremely,Very Clear,Version B,Version B,Version B,Version A,Version B,I have visited it in person.,2025-01-27 22:18:30.255573,2025-01-27,22:18:30.255573,-1,-1,-1,1,-1
63dec08d-275c-4289-9f39-ad6fb74e0b31,37,Male,Married,Yes,Indian,Fürth,No,No,Doctor/Healthcare,"['Reading', 'Technology', 'Traveling']","['History & Culture', 'Architecture', 'Family Activities', 'Local Experiences']",Intermediate,"['Family-friendly', 'Cultural', 'Adventure']",5,Cologne Carnival,False,Neutral,Slightly,Neutral,Strongly Agree,Extremely,Very Clear,Version B,Version B,Version B,Both equally,Version B,I have seen/heard about it online or from others.,2025-01-27 22:19:49.946528,2025-01-27,22:19:49.946528,-1,-1,-1,0,-1
63dec08d-275c-4289-9f39-ad6fb74e0b31,37,Male,Married,Yes,Indian,Fürth,No,No,Doctor/Healthcare,"['Reading', 'Technology', 'Traveling']","['History & Culture', 'Architecture', 'Family Activities', 'Local Experiences']",Intermediate,"['Family-friendly', 'Cultural', 'Adventure']",6,Cannstatter Volksfest,True,Strongly Disagree,Extremely,Clear,Neutral,Moderately,Neutral,Version A,Version A,Version A,Version A,Version A,I have seen/heard about it online or from others.,2025-01-27 22:21:16.637380,2025-01-27,22:21:16.637380,1,1,1,1,1
63dec08d-275c-4289-9f39-ad6fb74e0b31,37,Male,Married,Yes,Indian,Fürth,No,No,Doctor/Healthcare,"['Reading', 'Technology', 'Traveling']","['History & Culture', 'Architecture', 'Family Activities', 'Local Experiences']",Intermediate,"['Family-friendly', 'Cultural', 'Adventure']",7,Colosseum,False,Agree,Moderately,Clear,Strongly Agree,Extremely,Very Clear,Version B,Version B,Version B,Both equally,Version B,I have visited it in person.,2025-01-27 22:22:21.526822,2025-01-27,22:22:21.526822,-1,-1,-1,0,-1
63dec08d-275c-4289-9f39-ad6fb74e0b31,37,Male,Married,Yes,Indian,Fürth,No,No,Doctor/Healthcare,"['Reading', 'Technology', 'Traveling']","['History & Culture', 'Architecture', 'Family Activities', 'Local Experiences']",Intermediate,"['Family-friendly', 'Cultural', 'Adventure']",8,Louvre Museum,False,Neutral,Slightly,Unclear,Strongly Disagree,Extremely,Neutral,Version B,Version B,Version B,Version B,Version B,I have visited it in person.,2025-01-27 22:24:49.406123,2025-01-27,22:24:49.406123,-1,-1,-1,-1,-1
63dec08d-275c-4289-9f39-ad6fb74e0b31,37,Male,Married,Yes,Indian,Fürth,No,No,Doctor/Healthcare,"['Reading', 'Technology', 'Traveling']","['History & Culture', 'Architecture', 'Family Activities', 'Local Experiences']",Intermediate,"['Family-friendly', 'Cultural', 'Adventure']",9,Via del Corso,True,Disagree,Slightly,Neutral,Strongly Agree,Extremely,Very Clear,Version B,Version B,Version A,Version A,Version B,I have seen/heard about it online or from others.,2025-01-27 22:29:53.831481,2025-01-27,22:29:53.831481,-1,-1,1,1,-1
63dec08d-275c-4289-9f39-ad6fb74e0b31,37,Male,Married,Yes,Indian,Fürth,No,No,Doctor/Healthcare,"['Reading', 'Technology', 'Traveling']","['History & Culture', 'Architecture', 'Family Activities', 'Local Experiences']",Intermediate,"['Family-friendly', 'Cultural', 'Adventure']",10,"Café Central, Vienna",True,Agree,Moderately,Unclear,Strongly Agree,Extremely,Very Clear,Version B,Version A,Version A,Version A,Version B,I have visited it in person.,2025-01-27 22:39:18.658350,2025-01-27,22:39:18.658350,-1,1,1,1,-1
9c40425d-eecf-41d2-be1e-82d88e77ac72,38,Male,Married,Yes,Indian,Noida,No,No,,"['Traveling', 'Movies/TV', 'Other']","['Nature & Outdoors', 'Nightlife', 'Relaxation']",Experienced,"['Luxury', 'Relaxation', 'Family-friendly']",1,Hotel Hassler Roma,True,Agree,Moderately,Neutral,Agree,Moderately,Clear,Version B,Version B,Version B,Version B,Version B,I have seen/heard about it online or from others.,2025-01-26 04:42:03.047479,2025-01-26,04:42:03.047479,-1,-1,-1,-1,-1
9c40425d-eecf-41d2-be1e-82d88e77ac72,38,Male,Married,Yes,Indian,Noida,No,No,,"['Traveling', 'Movies/TV', 'Other']","['Nature & Outdoors', 'Nightlife', 'Relaxation']",Experienced,"['Luxury', 'Relaxation', 'Family-friendly']",2,The Savoy,False,Disagree,Moderately,Neutral,Neutral,Very,Clear,Version A,Version B,Version B,Version B,Version B,I have never heard of it before.,2025-01-26 04:43:56.107767,2025-01-26,04:43:56.107767,1,-1,-1,-1,-1
9c40425d-eecf-41d2-be1e-82d88e77ac72,38,Male,Married,Yes,Indian,Noida,No,No,,"['Traveling', 'Movies/TV', 'Other']","['Nature & Outdoors', 'Nightlife', 'Relaxation']",Experienced,"['Luxury', 'Relaxation', 'Family-friendly']",3,Jungfraujoch - Top of Europe,True,Agree,Very,Clear,Neutral,Very,Clear,Version B,Version B,Version B,Version B,Version B,I have seen/heard about it online or from others.,2025-01-26 04:44:41.272671,2025-01-26,04:44:41.272671,-1,-1,-1,-1,-1
9c40425d-eecf-41d2-be1e-82d88e77ac72,38,Male,Married,Yes,Indian,Noida,No,No,,"['Traveling', 'Movies/TV', 'Other']","['Nature & Outdoors', 'Nightlife', 'Relaxation']",Experienced,"['Luxury', 'Relaxation', 'Family-friendly']",4,Neuschwanstein Castle,True,Neutral,Moderately,Neutral,Neutral,Moderately,Neutral,Version A,Version A,Version A,Version A,Version A,I have never heard of it before.,2025-01-26 04:45:31.240985,2025-01-26,04:45:31.240985,1,1,1,1,1
9c40425d-eecf-41d2-be1e-82d88e77ac72,38,Male,Married,Yes,Indian,Noida,No,No,,"['Traveling', 'Movies/TV', 'Other']","['Nature & Outdoors', 'Nightlife', 'Relaxation']",Experienced,"['Luxury', 'Relaxation', 'Family-friendly']",5,Cologne Carnival,True,Agree,Extremely,Very Clear,Neutral,Very,Clear,Version A,Version A,Version A,Version A,Version A,I have never heard of it before.,2025-01-26 04:46:23.969535,2025-01-26,04:46:23.969535,1,1,1,1,1
9c40425d-eecf-41d2-be1e-82d88e77ac72,38,Male,Married,Yes,Indian,Noida,No,No,,"['Traveling', 'Movies/TV', 'Other']","['Nature & Outdoors', 'Nightlife', 'Relaxation']",Experienced,"['Luxury', 'Relaxation', 'Family-friendly']",6,Cannstatter Volksfest,False,Strongly Agree,Extremely,Very Clear,Agree,Very,Clear,Version B,Version B,Version B,Version B,Version B,I have never heard of it before.,2025-01-26 04:47:24.390052,2025-01-26,04:47:24.390052,-1,-1,-1,-1,-1
9c40425d-eecf-41d2-be1e-82d88e77ac72,38,Male,Married,Yes,Indian,Noida,No,No,,"['Traveling', 'Movies/TV', 'Other']","['Nature & Outdoors', 'Nightlife', 'Relaxation']",Experienced,"['Luxury', 'Relaxation', 'Family-friendly']",7,Colosseum,True,Strongly Agree,Extremely,Very Clear,Strongly Agree,Extremely,Very Clear,Version A,Version A,Version A,Version A,Version A,I have seen/heard about it online or from others.,2025-01-26 04:48:01.245114,2025-01-26,04:48:01.245114,1,1,1,1,1
9c40425d-eecf-41d2-be1e-82d88e77ac72,38,Male,Married,Yes,Indian,Noida,No,No,,"['Traveling', 'Movies/TV', 'Other']","['Nature & Outdoors', 'Nightlife', 'Relaxation']",Experienced,"['Luxury', 'Relaxation', 'Family-friendly']",8,Louvre Museum,True,Strongly Agree,Extremely,Very Clear,Agree,Very,Clear,Version A,Version A,Version A,Version A,Version A,I have seen/heard about it online or from others.,2025-01-26 04:48:30.718206,2025-01-26,04:48:30.718206,1,1,1,1,1
9c40425d-eecf-41d2-be1e-82d88e77ac72,38,Male,Married,Yes,Indian,Noida,No,No,,"['Traveling', 'Movies/TV', 'Other']","['Nature & Outdoors', 'Nightlife', 'Relaxation']",Experienced,"['Luxury', 'Relaxation', 'Family-friendly']",9,Via del Corso,False,Neutral,Very,Clear,Agree,Extremely,Very Clear,Version B,Version B,Version B,Version B,Version B,I have seen/heard about it online or from others.,2025-01-26 04:49:08.410296,2025-01-26,04:49:08.410296,-1,-1,-1,-1,-1
9c40425d-eecf-41d2-be1e-82d88e77ac72,38,Male,Married,Yes,Indian,Noida,No,No,,"['Traveling', 'Movies/TV', 'Other']","['Nature & Outdoors', 'Nightlife', 'Relaxation']",Experienced,"['Luxury', 'Relaxation', 'Family-friendly']",10,"Café Central, Vienna",False,Agree,Very,Clear,Neutral,Very,Clear,Version B,Version B,Version B,Version B,Version B,I have seen/heard about it online or from others.,2025-01-26 04:49:53.791046,2025-01-26,04:49:53.791046,-1,-1,-1,-1,-1
749316a1-f240-4d43-8035-93b8690f6cd4,43,Female,Married,Yes,Indian,Bengaluru ,No,No,Engineer,"['Dancing', 'Fitness', 'Technology', 'Movies/TV']","['Food & Cuisine', 'Shopping', 'Local Experiences', 'Nightlife', 'Relaxation']",Intermediate,"['Relaxation', 'Adventure', 'Group Tours', 'Road Trips', 'Family-friendly']",1,Hotel Hassler Roma,False,Agree,Moderately,Neutral,Strongly Agree,Very,Clear,Version B,Version B,Version B,Version A,Version B,I have never heard of it before.,2024-12-18 08:42:59.578624,2024-12-18,08:42:59.578624,-1,-1,-1,1,-1
749316a1-f240-4d43-8035-93b8690f6cd4,43,Female,Married,Yes,Indian,Bengaluru ,No,No,Engineer,"['Dancing', 'Fitness', 'Technology', 'Movies/TV']","['Food & Cuisine', 'Shopping', 'Local Experiences', 'Nightlife', 'Relaxation']",Intermediate,"['Relaxation', 'Adventure', 'Group Tours', 'Road Trips', 'Family-friendly']",2,The Savoy,True,Agree,Moderately,Neutral,Strongly Agree,Very,Clear,Version B,Version B,Version B,Version B,Version B,I have never heard of it before.,2024-12-18 08:44:29.846896,2024-12-18,08:44:29.846896,-1,-1,-1,-1,-1
749316a1-f240-4d43-8035-93b8690f6cd4,43,Female,Married,Yes,Indian,Bengaluru ,No,No,Engineer,"['Dancing', 'Fitness', 'Technology', 'Movies/TV']","['Food & Cuisine', 'Shopping', 'Local Experiences', 'Nightlife', 'Relaxation']",Intermediate,"['Relaxation', 'Adventure', 'Group Tours', 'Road Trips', 'Family-friendly']",3,Jungfraujoch - Top of Europe,True,Agree,Moderately,Clear,Strongly Agree,Very,Clear,Version B,Version B,Version B,Version A,Version B,I have visited it in person.,2024-12-18 08:45:52.068646,2024-12-18,08:45:52.068646,-1,-1,-1,1,-1
749316a1-f240-4d43-8035-93b8690f6cd4,43,Female,Married,Yes,Indian,Bengaluru ,No,No,Engineer,"['Dancing', 'Fitness', 'Technology', 'Movies/TV']","['Food & Cuisine', 'Shopping', 'Local Experiences', 'Nightlife', 'Relaxation']",Intermediate,"['Relaxation', 'Adventure', 'Group Tours', 'Road Trips', 'Family-friendly']",4,Neuschwanstein Castle,True,Agree,Moderately,Neutral,Agree,Very,Clear,Version B,Version B,Version B,Version B,Version B,I have visited it in person.,2024-12-18 08:47:22.578992,2024-12-18,08:47:22.578992,-1,-1,-1,-1,-1
749316a1-f240-4d43-8035-93b8690f6cd4,43,Female,Married,Yes,Indian,Bengaluru ,No,No,Engineer,"['Dancing', 'Fitness', 'Technology', 'Movies/TV']","['Food & Cuisine', 'Shopping', 'Local Experiences', 'Nightlife', 'Relaxation']",Intermediate,"['Relaxation', 'Adventure', 'Group Tours', 'Road Trips', 'Family-friendly']",5,Cologne Carnival,False,Neutral,Slightly,Neutral,Agree,Very,Clear,Version B,Version B,Version B,Version B,Version B,I have never heard of it before.,2024-12-18 08:48:16.817159,2024-12-18,08:48:16.817159,-1,-1,-1,-1,-1
749316a1-f240-4d43-8035-93b8690f6cd4,43,Female,Married,Yes,Indian,Bengaluru ,No,No,Engineer,"['Dancing', 'Fitness', 'Technology', 'Movies/TV']","['Food & Cuisine', 'Shopping', 'Local Experiences', 'Nightlife', 'Relaxation']",Intermediate,"['Relaxation', 'Adventure', 'Group Tours', 'Road Trips', 'Family-friendly']",6,Cannstatter Volksfest,False,Neutral,Moderately,Neutral,Agree,Very,Clear,Version B,Version B,Version B,Version B,Version B,I have seen/heard about it online or from others.,2024-12-18 08:49:08.689022,2024-12-18,08:49:08.689022,-1,-1,-1,-1,-1
749316a1-f240-4d43-8035-93b8690f6cd4,43,Female,Married,Yes,Indian,Bengaluru ,No,No,Engineer,"['Dancing', 'Fitness', 'Technology', 'Movies/TV']","['Food & Cuisine', 'Shopping', 'Local Experiences', 'Nightlife', 'Relaxation']",Intermediate,"['Relaxation', 'Adventure', 'Group Tours', 'Road Trips', 'Family-friendly']",7,Colosseum,True,Agree,Moderately,Clear,Agree,Moderately,Clear,Version B,Version A,Both equally,Both equally,Both equally,I have visited it in person.,2024-12-18 08:50:43.887480,2024-12-18,08:50:43.887480,-1,1,0,0,0
749316a1-f240-4d43-8035-93b8690f6cd4,43,Female,Married,Yes,Indian,Bengaluru ,No,No,Engineer,"['Dancing', 'Fitness', 'Technology', 'Movies/TV']","['Food & Cuisine', 'Shopping', 'Local Experiences', 'Nightlife', 'Relaxation']",Intermediate,"['Relaxation', 'Adventure', 'Group Tours', 'Road Trips', 'Family-friendly']",8,Louvre Museum,True,Agree,Moderately,Clear,Agree,Very,Clear,Version B,Version B,Version B,Version B,Version B,I have visited it in person.,2024-12-18 08:51:40.765049,2024-12-18,08:51:40.765049,-1,-1,-1,-1,-1
749316a1-f240-4d43-8035-93b8690f6cd4,43,Female,Married,Yes,Indian,Bengaluru ,No,No,Engineer,"['Dancing', 'Fitness', 'Technology', 'Movies/TV']","['Food & Cuisine', 'Shopping', 'Local Experiences', 'Nightlife', 'Relaxation']",Intermediate,"['Relaxation', 'Adventure', 'Group Tours', 'Road Trips', 'Family-friendly']",9,Via del Corso,True,Agree,Very,Clear,Agree,Very,Clear,Both equally,Both equally,Both equally,Version A,Both equally,I have seen/heard about it online or from others.,2024-12-18 08:52:57.080255,2024-12-18,08:52:57.080255,0,0,0,1,0
749316a1-f240-4d43-8035-93b8690f6cd4,43,Female,Married,Yes,Indian,Bengaluru ,No,No,Engineer,"['Dancing', 'Fitness', 'Technology', 'Movies/TV']","['Food & Cuisine', 'Shopping', 'Local Experiences', 'Nightlife', 'Relaxation']",Intermediate,"['Relaxation', 'Adventure', 'Group Tours', 'Road Trips', 'Family-friendly']",10,"Café Central, Vienna",False,Agree,Very,Clear,Agree,Very,Clear,Both equally,Both equally,Both equally,Both equally,Both equally,I have visited it in person.,2024-12-18 08:53:57.695211,2024-12-18,08:53:57.695211,0,0,0,0,0
